Date,Open,High,Low,Close,Adj Close,Volume,Volumej
17/05/2013,47,52.07,44,50.75,50.75,8408700,840.87
20/05/2013,51.400002,59.599998,50.700001,53.450001,53.450001,2711400,271.14
21/05/2013,55.110001,59,52.5,53.25,53.25,727200,72.72
22/05/2013,55.110001,55.119999,47.450001,50.259998,50.259998,634900,63.49
23/05/2013,48.450001,54.5,48.450001,52.919998,52.919998,679300,67.93
24/05/2013,53.099998,53.48,52.060001,52.490002,52.490002,173800,17.38
28/05/2013,53.450001,53.91,50,50.669998,50.669998,351600,35.16
29/05/2013,50.650002,50.650002,49.09,50.299999,50.299999,269400,26.94
30/05/2013,50.57,51.5,50,51.110001,51.110001,143800,14.38
31/05/2013,50.740002,51.990002,50.419998,51.099998,51.099998,180500,18.05
3/06/2013,51.490002,51.490002,50.009998,50.34,50.34,110400,11.04
4/06/2013,50.740002,50.740002,48.310001,48.529999,48.529999,255100,25.51
5/06/2013,48.5,49.98,48.27,49.610001,49.610001,212000,21.2
6/06/2013,49.869999,53.490002,49.380001,53.02,53.02,367500,36.75
7/06/2013,53,56.540001,52.189999,56.209999,56.209999,464100,46.41
10/06/2013,56.68,58.200001,55.779999,58.110001,58.110001,375200,37.52
11/06/2013,56.970001,57.240002,52.099998,53.049999,53.049999,348800,34.88
12/06/2013,54.549999,56.139999,53.900002,55.810001,55.810001,328000,32.8
13/06/2013,56.240002,58.59,54.349998,56.970001,56.970001,384000,38.4
14/06/2013,57.360001,57.75,55,55.470001,55.470001,348200,34.82
17/06/2013,55.75,56.700001,54.310001,54.880001,54.880001,169000,16.9
18/06/2013,54.810001,54.959999,52.59,54.41,54.41,283500,28.35
19/06/2013,54,54.880001,52.75,53.91,53.91,173700,17.37
20/06/2013,54.27,55.970001,53.049999,55.400002,55.400002,203200,20.32
21/06/2013,55.380001,57.209999,54.84,55.27,55.27,247600,24.76
24/06/2013,55.41,55.740002,52.599998,54.93,54.93,190900,19.09
25/06/2013,55.299999,55.299999,53.209999,54.419998,54.419998,104600,10.46
26/06/2013,54.77,57.98,53.759998,56.68,56.68,225500,22.55
27/06/2013,56.73,59.880001,55.360001,56.41,56.41,249900,24.99
28/06/2013,56,56.540001,54.560001,55.419998,55.419998,486700,48.67
1/07/2013,57.360001,59,55.75,58.799999,58.799999,129100,12.91
2/07/2013,58.889999,59.830002,57.09,58.25,58.25,95600,9.56
3/07/2013,58.59,61.450001,57.860001,60.099998,60.099998,132000,13.2
5/07/2013,61.310001,62.970001,60.75,62.860001,62.860001,265200,26.52
8/07/2013,63,63,60.5,60.990002,60.990002,107700,10.77
9/07/2013,60.73,61.639999,57,57.139999,57.139999,345500,34.55
10/07/2013,57.25,58.52,56.509998,56.599998,56.599998,179500,17.95
11/07/2013,57,57.650002,55.34,55.759998,55.759998,202300,20.23
12/07/2013,55.75,56,53.470001,53.5,53.5,284300,28.43
15/07/2013,53.869999,54.82,53.200001,53.82,53.82,239000,23.9
16/07/2013,54.07,56.799999,53.880001,55.18,55.18,176300,17.63
17/07/2013,55.150002,56.869999,55.119999,56.669998,56.669998,151900,15.19
18/07/2013,57,57.25,55.049999,55.220001,55.220001,80700,8.07
19/07/2013,55.68,55.68,53.77,53.810001,53.810001,115200,11.52
22/07/2013,54.110001,54.310001,52.610001,53.009998,53.009998,153200,15.32
23/07/2013,53.5,53.84,51.990002,52.07,52.07,122100,12.21
24/07/2013,52.389999,53.77,52.360001,53.59,53.59,204100,20.41
25/07/2013,54.48,55.419998,53.709999,54.5,54.5,174000,17.4
26/07/2013,54.93,54.93,53.419998,53.75,53.75,43000,4.3
29/07/2013,54.25,54.25,53.400002,53.48,53.48,10000,1
30/07/2013,53.560001,54.240002,53.5,53.810001,53.810001,116300,11.63
31/07/2013,54,55.75,54,55.400002,55.400002,211100,21.11
1/08/2013,56.66,57.93,55.939999,57.619999,57.619999,168100,16.81
2/08/2013,57.919998,59.970001,57.09,59.849998,59.849998,178000,17.8
5/08/2013,59.849998,60.459999,58.189999,60.119999,60.119999,119800,11.98
6/08/2013,60.290001,61.650002,59.18,59.540001,59.540001,122500,12.25
7/08/2013,59.560001,60.700001,58.450001,59.599998,59.599998,108800,10.88
8/08/2013,60.880001,61.650002,59.5,60.939999,60.939999,339300,33.93
9/08/2013,72.260002,74.25,66.629997,67.82,67.82,1193100,119.31
12/08/2013,68.230003,73.650002,67.860001,72.699997,72.699997,505500,50.55
13/08/2013,73.260002,74.970001,68.57,71.099998,71.099998,450600,45.06
14/08/2013,70.879997,71.889999,65.910004,66.989998,66.989998,381400,38.14
15/08/2013,65.769997,66.779999,64.279999,65.169998,65.169998,273100,27.31
16/08/2013,65.589996,68.589996,65.010002,66.57,66.57,330200,33.02
19/08/2013,66.730003,67.68,64.519997,64.980003,64.980003,154300,15.43
20/08/2013,65,65.75,63.27,63.830002,63.830002,213100,21.31
21/08/2013,64,64.739998,63,63.349998,63.349998,99900,9.99
22/08/2013,63.75,64.32,63.610001,64,64,123200,12.32
23/08/2013,64.199997,68.5,63.139999,67.669998,67.669998,305400,30.54
26/08/2013,67.879997,69.889999,66.449997,68.370003,68.370003,297400,29.74
27/08/2013,67.410004,67.5,65.800003,66.279999,66.279999,219000,21.9
28/08/2013,66.150002,68.489998,66.040001,68.07,68.07,242000,24.2
29/08/2013,68.25,70.779999,67.690002,70.040001,70.040001,246400,24.64
30/08/2013,70,74.330002,69.25,72.309998,72.309998,623200,62.32
3/09/2013,72.989998,73.870003,70.529999,71.419998,71.419998,214000,21.4
4/09/2013,71.849998,75.220001,71.019997,74.199997,74.199997,292900,29.29
5/09/2013,74.599998,77.739998,72.669998,72.970001,72.970001,517100,51.71
6/09/2013,73.839996,73.93,70.529999,70.690002,70.690002,397300,39.73
9/09/2013,71.379997,73.68,70.910004,72.470001,72.470001,196800,19.68
10/09/2013,73.260002,75.059998,71.75,74.75,74.75,353500,35.35
11/09/2013,74.779999,75.330002,71.910004,71.989998,71.989998,287600,28.76
12/09/2013,72.589996,73.550003,70.5,73.110001,73.110001,259100,25.91
13/09/2013,73.669998,75,72.43,72.699997,72.699997,324800,32.48
16/09/2013,73.669998,74.699997,71.699997,71.959999,71.959999,223900,22.39
17/09/2013,72.239998,72.519997,70.650002,72.099998,72.099998,202800,20.28
18/09/2013,73,73.290001,71.440002,72.82,72.82,164600,16.46
19/09/2013,73.279999,74.5,73.230003,74.059998,74.059998,234400,23.44
20/09/2013,74.5,75.900002,73.040001,73.040001,73.040001,587500,58.75
23/09/2013,73.040001,73.040001,68.300003,72.809998,72.809998,549600,54.96
24/09/2013,72.360001,73.629997,70.709999,71.889999,71.889999,117200,11.72
25/09/2013,71.800003,72.68,70.639999,71.860001,71.860001,101600,10.16
26/09/2013,72.419998,72.919998,71.150002,72.519997,72.519997,107000,10.7
27/09/2013,72.379997,72.379997,68.75,69.230003,69.230003,297500,29.75
30/09/2013,67.589996,71.900002,67.089996,71.239998,71.239998,246800,24.68
1/10/2013,71,72.5,70.199997,71.440002,71.440002,116700,11.67
2/10/2013,71,73.300003,70.559998,73.080002,73.080002,150700,15.07
3/10/2013,73,73.449997,70.889999,71.099998,71.099998,146200,14.62
4/10/2013,71.349998,71.349998,70,70.410004,70.410004,153900,15.39
7/10/2013,69.699997,72,69.18,70.279999,70.279999,145000,14.5
8/10/2013,70.43,71.269997,67.059998,67.559998,67.559998,356800,35.68
9/10/2013,67.910004,68.160004,66,66.339996,66.339996,217000,21.7
10/10/2013,67.529999,69,66.150002,66.32,66.32,339300,33.93
11/10/2013,66.730003,67.669998,64.760002,66.5,66.5,289000,28.9
14/10/2013,66,66.860001,64.739998,66.690002,66.690002,215100,21.51
15/10/2013,66.860001,66.860001,64.110001,64.739998,64.739998,273200,27.32
16/10/2013,64.870003,68,64.290001,67.830002,67.830002,336300,33.63
17/10/2013,67.449997,68.510002,65.5,68.419998,68.419998,209000,20.9
18/10/2013,69.040001,69.169998,67.650002,67.809998,67.809998,158600,15.86
21/10/2013,68.220001,68.220001,65.510002,65.980003,65.980003,162600,16.26
22/10/2013,66.139999,66.300003,62.630001,63.41,63.41,433200,43.32
23/10/2013,62.950001,62.950001,59.5,60.93,60.93,570900,57.09
24/10/2013,61,65.370003,60.75,64.209999,64.209999,397300,39.73
25/10/2013,63.990002,63.990002,62.400002,63.66,63.66,337600,33.76
28/10/2013,64,64,60.509998,63.209999,63.209999,663800,66.38
29/10/2013,69.449997,70,63.099998,65.449997,65.449997,1155400,115.54
30/10/2013,65.309998,66.589996,63.25,64.160004,64.160004,468000,46.8
31/10/2013,62.450001,64,60.950001,61.459999,61.459999,2709400,270.94
1/11/2013,61.25,61.75,59.02,59.52,59.52,1295000,129.5
4/11/2013,59.25,60.419998,58.959999,60,60,1128400,112.84
5/11/2013,61,64.440002,60.849998,64,64,2189300,218.93
6/11/2013,63.919998,65.489998,63.5,65.129997,65.129997,1953200,195.32
7/11/2013,65.730003,66.389999,63.189999,64,64,5220900,522.09
8/11/2013,64.699997,65.099998,63.52,64.449997,64.449997,1336800,133.68
11/11/2013,64.279999,64.699997,63.299999,64.199997,64.199997,793300,79.33
12/11/2013,64.209999,64.300003,62.77,63.799999,63.799999,697700,69.77
13/11/2013,64.059998,65.940002,63.650002,65.230003,65.230003,1161500,116.15
14/11/2013,65.150002,65.989998,63.59,65.57,65.57,1519600,151.96
15/11/2013,65.389999,66.5,65.209999,65.290001,65.290001,1144400,114.44
18/11/2013,65.110001,65.68,61.400002,61.73,61.73,1392900,139.29
19/11/2013,61.990002,62.360001,60.049999,60.709999,60.709999,989500,98.95
20/11/2013,60.880001,61.900002,60.52,60.779999,60.779999,349400,34.94
21/11/2013,61.240002,62.139999,61.009998,62.02,62.02,362900,36.29
22/11/2013,62.59,63.810001,62,63.630001,63.630001,619800,61.98
25/11/2013,63.5,64.209999,61.93,62.52,62.52,363100,36.31
26/11/2013,62.18,64.519997,61.700001,64.480003,64.480003,866800,86.68
27/11/2013,62.91,66.5,62.91,65.889999,65.889999,735900,73.59
29/11/2013,65.800003,66.489998,65,65.540001,65.540001,333100,33.31
2/12/2013,64.629997,65.870003,63.619999,64.239998,64.239998,528500,52.85
3/12/2013,63.91,66.169998,63.669998,65.610001,65.610001,451800,45.18
4/12/2013,65.150002,67.349998,64.739998,66.519997,66.519997,691200,69.12
5/12/2013,66.07,66.900002,66.029999,66.639999,66.639999,292300,29.23
6/12/2013,66.779999,66.900002,65.459999,66.290001,66.290001,663200,66.32
9/12/2013,66.239998,66.900002,65.199997,65.709999,65.709999,518500,51.85
10/12/2013,65.690002,66.82,65.690002,66.25,66.25,206100,20.61
11/12/2013,66.269997,66.269997,64.459999,65.440002,65.440002,269700,26.97
12/12/2013,65.32,65.720001,64.650002,65.580002,65.580002,269600,26.96
13/12/2013,65.529999,66.300003,64.599998,65.290001,65.290001,307800,30.78
16/12/2013,64.660004,65.699997,64.410004,64.709999,64.709999,326400,32.64
17/12/2013,64.809998,66.639999,64.470001,65.519997,65.519997,453000,45.3
18/12/2013,65.209999,65.949997,62.849998,65.300003,65.300003,495700,49.57
19/12/2013,66,66,65.010002,65.139999,65.139999,432700,43.27
20/12/2013,65.730003,67,64.419998,66.099998,66.099998,867500,86.75
23/12/2013,66.099998,68.220001,65.800003,67.93,67.93,474200,47.42
24/12/2013,67.849998,68.720001,67.260002,68.610001,68.610001,80800,8.08
26/12/2013,68.660004,68.93,67.150002,67.699997,67.699997,191600,19.16
27/12/2013,67.910004,68.099998,66.629997,67.599998,67.599998,209300,20.93
30/12/2013,67.720001,68.18,67.010002,67.650002,67.650002,254100,25.41
31/12/2013,67.220001,68.959999,66.879997,68.93,68.93,318100,31.81
2/01/2014,68.669998,69.800003,67.610001,68.440002,68.440002,502900,50.29
3/01/2014,68.860001,69.150002,66.190002,68.610001,68.610001,315600,31.56
6/01/2014,68.959999,69.589996,68.260002,68.540001,68.540001,319400,31.94
7/01/2014,68.650002,71.779999,68.650002,71.150002,71.150002,695900,69.59
8/01/2014,70.669998,71.400002,69.040001,70.760002,70.760002,389100,38.91
9/01/2014,71.279999,71.470001,68.18,68.599998,68.599998,286800,28.68
10/01/2014,69.120003,71.150002,68.160004,70.720001,70.720001,328000,32.8
13/01/2014,70.870003,70.870003,68.040001,68.379997,68.379997,299500,29.95
14/01/2014,68.940002,70.25,68.129997,69.32,69.32,211800,21.18
15/01/2014,69.75,71.419998,69.660004,71.18,71.18,440600,44.06
16/01/2014,71.150002,74.449997,71.120003,73.57,73.57,768000,76.8
17/01/2014,73.529999,73.839996,72.050003,72.57,72.57,368000,36.8
21/01/2014,73.93,75.690002,71.910004,75.339996,75.339996,811900,81.19
22/01/2014,75.589996,78.339996,75.290001,77.580002,77.580002,687100,68.71
23/01/2014,78,79.889999,76.269997,78.529999,78.529999,780000,78
24/01/2014,77.839996,78.75,74.099998,74.93,74.93,721600,72.16
27/01/2014,75.010002,75.440002,72.400002,73.5,73.5,474600,47.46
28/01/2014,74,76.75,73.519997,75.599998,75.599998,556500,55.65
29/01/2014,77,77.980003,74.339996,75.269997,75.269997,634000,63.4
30/01/2014,76.57,80.129997,75.849998,79.82,79.82,685500,68.55
31/01/2014,78.559998,82.330002,77.849998,80.82,80.82,722300,72.23
3/02/2014,80.970001,81.970001,76.290001,78.949997,78.949997,955100,95.51
4/02/2014,79.25,80.400002,76.290001,79.43,79.43,1800000,180
5/02/2014,91.779999,95.75,89,89.610001,89.610001,4398100,439.81
6/02/2014,88.849998,90.379997,87.099998,88.589996,88.589996,1390300,139.03
7/02/2014,88.050003,90,86.900002,89.970001,89.970001,1911300,191.13
10/02/2014,90,91,87.489998,89.489998,89.489998,1095800,109.58
11/02/2014,89.739998,95,88.809998,94.589996,94.589996,1349200,134.92
12/02/2014,94.959999,96.900002,91.419998,92.459999,92.459999,1143300,114.33
13/02/2014,93.440002,97.989998,92.599998,97.57,97.57,1688200,168.82
14/02/2014,96.769997,98.610001,95.769997,97.93,97.93,725600,72.56
18/02/2014,98.139999,98.400002,96.300003,96.589996,96.589996,545900,54.59
19/02/2014,96.18,96.900002,93.099998,94.379997,94.379997,785800,78.58
20/02/2014,94.699997,97.43,94.389999,97.129997,97.129997,813800,81.38
21/02/2014,98,100.730003,97.459999,100.050003,100.050003,1444500,144.45
24/02/2014,99.949997,100.400002,98.190002,98.730003,98.730003,962400,96.24
25/02/2014,99,101.709999,98.440002,100.279999,100.279999,734700,73.47
26/02/2014,101.860001,102.370003,97.080002,98.260002,98.260002,941200,94.12
27/02/2014,96.5,97.529999,94,97,97,2343700,234.37
28/02/2014,97,99.400002,90.970001,94.339996,94.339996,1840800,184.08
3/03/2014,93.230003,96.779999,92.209999,95.57,95.57,1110000,111
4/03/2014,97.959999,97.959999,96.260002,97.239998,97.239998,1057200,105.72
5/03/2014,95.5,95.800003,93.099998,94.349998,94.349998,1169500,116.95
6/03/2014,94.440002,96.629997,93.779999,94.330002,94.330002,942400,94.24
7/03/2014,94.580002,95.5,90.110001,90.839996,90.839996,1387600,138.76
10/03/2014,90.139999,93.690002,89.459999,90.879997,90.879997,1002000,100.2
11/03/2014,91.050003,93.080002,90.019997,91.050003,91.050003,1017000,101.7
12/03/2014,90.010002,91.849998,88.230003,90.650002,90.650002,1304500,130.45
13/03/2014,90.57,93.599998,88.480003,89.150002,89.150002,1074900,107.49
14/03/2014,88.730003,91.230003,88.519997,90.309998,90.309998,1014900,101.49
17/03/2014,91.230003,92,86.699997,90.459999,90.459999,1159100,115.91
18/03/2014,91.620003,92.970001,89.360001,92.040001,92.040001,997200,99.72
19/03/2014,92.150002,92.389999,87.82,89.220001,89.220001,1090300,109.03
20/03/2014,88.449997,91.43,88.129997,90.019997,90.019997,1642100,164.21
21/03/2014,89.25,90.68,83.290001,83.290001,83.290001,5519200,551.92
24/03/2014,84.139999,84.139999,77.110001,79.419998,79.419998,3999300,399.93
25/03/2014,79.470001,80.440002,74.25,74.879997,74.879997,3436400,343.64
26/03/2014,75.519997,76.25,72.199997,74.239998,74.239998,2209900,220.99
27/03/2014,74.18,76.410004,72.050003,73.860001,73.860001,2159500,215.95
28/03/2014,74.25,76.199997,73.449997,76.199997,76.199997,2760200,276.02
31/03/2014,76.209999,78,75.519997,76.080002,76.080002,1537000,153.7
1/04/2014,78.349998,81.279999,76.989998,81.18,81.18,2757400,275.74
2/04/2014,81.449997,82.099998,77.400002,77.739998,77.739998,1601900,160.19
3/04/2014,77.760002,77.989998,70.970001,71.809998,71.809998,2227500,222.75
4/04/2014,72.900002,73.980003,69.050003,71.120003,71.120003,2969300,296.93
7/04/2014,70.099998,71.650002,66.169998,69.519997,69.519997,2390300,239.03
8/04/2014,69.720001,71.529999,68.199997,68.470001,68.470001,1434500,143.45
9/04/2014,69.209999,73.720001,69.169998,72.870003,72.870003,1735200,173.52
10/04/2014,71.93,72.269997,63.900002,65.519997,65.519997,2693800,269.38
11/04/2014,63.779999,66.050003,63,63.169998,63.169998,1676800,167.68
14/04/2014,63.889999,67.139999,63.360001,64.379997,64.379997,1165600,116.56
15/04/2014,64.489998,65.910004,61.720001,63.48,63.48,1732100,173.21
16/04/2014,64.400002,65.150002,61.880001,64.010002,64.010002,1682700,168.27
17/04/2014,64,65.68,62.529999,64.68,64.68,1164100,116.41
21/04/2014,65.07,65.260002,62.82,63.610001,63.610001,737200,73.72
22/04/2014,63.849998,68.629997,63.529999,67,67,2190800,219.08
23/04/2014,67.099998,67.099998,63.099998,63.330002,63.330002,1257800,125.78
24/04/2014,63.59,63.970001,56.970001,59.939999,59.939999,2800700,280.07
25/04/2014,59.09,60.34,55.880001,56.23,56.23,2033800,203.38
28/04/2014,56.360001,57.82,53.700001,55.75,55.75,2150900,215.09
29/04/2014,56.02,57.450001,53.639999,56.650002,56.650002,3088600,308.86
30/04/2014,56.34,56.34,54.599998,55.27,55.27,1441200,144.12
1/05/2014,55.709999,59.580002,55.32,58.32,58.32,3025700,302.57
2/05/2014,58.57,59.209999,56.369999,58.459999,58.459999,2487400,248.74
5/05/2014,57.700001,59.080002,57.049999,57.990002,57.990002,3870800,387.08
6/05/2014,61.98,62.950001,56.599998,58.02,58.02,8200700,820.07
7/05/2014,58.73,59,52.82,56.360001,56.360001,4382900,438.29
8/05/2014,55.439999,57.98,53.139999,55.209999,55.209999,3186000,318.6
9/05/2014,54.93,56.189999,53.139999,55,55,2479300,247.93
12/05/2014,55,58.09,54.27,57.849998,57.849998,2257500,225.75
13/05/2014,57.700001,58.099998,53.880001,54.130001,54.130001,3262900,326.29
14/05/2014,53.599998,57,53.400002,54.779999,54.779999,2307700,230.77
15/05/2014,54.75,55.110001,52.02,54.389999,54.389999,2524200,252.42
16/05/2014,54.610001,54.869999,52.75,54.610001,54.610001,1520100,152.01
19/05/2014,54.34,58.189999,54.029999,57.66,57.66,2763300,276.33
20/05/2014,57.639999,59.580002,55.580002,57.110001,57.110001,2504200,250.42
21/05/2014,57.389999,57.959999,54.360001,57.880001,57.880001,3186000,318.6
22/05/2014,57.990002,59.68,56.799999,58.630001,58.630001,1861000,186.1
23/05/2014,58.689999,60.77,56.939999,60.599998,60.599998,1573500,157.35
27/05/2014,61.290001,64.379997,61.080002,62.849998,62.849998,2679500,267.95
28/05/2014,63.990002,64,61.110001,62.02,62.02,2157600,215.76
29/05/2014,62.459999,62.700001,60.68,61.5,61.5,1194700,119.47
30/05/2014,60.849998,61.18,57.16,58.040001,58.040001,2068700,206.87
2/06/2014,57.740002,58.459999,56.360001,58.09,58.09,1786200,178.62
3/06/2014,57.889999,58.029999,55.799999,56.169998,56.169998,1496400,149.64
4/06/2014,55.540001,58.259998,55.43,56.959999,56.959999,1570700,157.07
5/06/2014,56.880001,59.98,56.060001,59.779999,59.779999,1614700,161.47
6/06/2014,60,62.099998,59.549999,61.709999,61.709999,1556700,155.67
9/06/2014,61.32,62.48,60.119999,61.900002,61.900002,1199000,119.9
10/06/2014,61.650002,63.07,60.849998,61.360001,61.360001,644400,64.44
11/06/2014,61.400002,64.830002,61.299999,63.959999,63.959999,2132600,213.26
12/06/2014,63.27,65.260002,62.799999,63.419998,63.419998,1026900,102.69
13/06/2014,63.790001,64.480003,62.610001,64.139999,64.139999,819800,81.98
16/06/2014,64.050003,66.440002,63.759998,66.230003,66.230003,1318600,131.86
17/06/2014,66.459999,66.900002,65.139999,65.580002,65.580002,975400,97.54
18/06/2014,66,68.139999,64.599998,67.690002,67.690002,1025900,102.59
19/06/2014,68.199997,69.209999,66.639999,67.529999,67.529999,1127200,112.72
20/06/2014,67.739998,67.769997,65.629997,67,67,1456000,145.6
23/06/2014,67.290001,69.419998,66.68,69.309998,69.309998,1940900,194.09
24/06/2014,68.589996,70.959999,68.349998,69.889999,69.889999,1518700,151.87
25/06/2014,69.330002,70.68,68.860001,70.209999,70.209999,1018200,101.82
26/06/2014,70.050003,71.629997,69.43,70.639999,70.639999,951200,95.12
27/06/2014,70.330002,71.029999,69.110001,70,70,2662000,266.2
30/06/2014,70.230003,71.68,69.860001,71.330002,71.330002,1076600,107.66
1/07/2014,71.730003,73.870003,71.199997,72.139999,72.139999,1593000,159.3
2/07/2014,72.190002,72.959999,71.309998,71.889999,71.889999,633600,63.36
3/07/2014,71.68,71.980003,68.699997,69.139999,69.139999,1005200,100.52
7/07/2014,68.669998,69.690002,66.910004,67.239998,67.239998,1243700,124.37
8/07/2014,66.910004,67,60.23,60.419998,60.419998,3181900,318.19
9/07/2014,60.91,62.389999,59.740002,61.43,61.43,1710800,171.08
10/07/2014,58.849998,61.759998,58.279999,60.959999,60.959999,1315400,131.54
11/07/2014,60.889999,61.91,60.75,61.02,61.02,577900,57.79
14/07/2014,61.669998,64.57,61.599998,63.790001,63.790001,1245300,124.53
15/07/2014,63.849998,64.230003,60.700001,61.049999,61.049999,1262100,126.21
16/07/2014,61.599998,62.09,60.5,61,61,682000,68.2
17/07/2014,60.5,61.349998,59.34,59.68,59.68,1215800,121.58
18/07/2014,60.759998,61.299999,59.549999,59.689999,59.689999,1097000,109.7
21/07/2014,59.950001,61.290001,59.689999,60.93,60.93,757700,75.77
22/07/2014,61.380001,62.810001,61.259998,61.619999,61.619999,603300,60.33
23/07/2014,62.389999,62.619999,61.169998,62.439999,62.439999,509600,50.96
24/07/2014,62.389999,64.190002,62.299999,63.98,63.98,520300,52.03
25/07/2014,64.339996,65.889999,64.290001,64.800003,64.800003,986700,98.67
28/07/2014,64.800003,65.139999,63.84,64.540001,64.540001,677900,67.79
29/07/2014,64.699997,65.57,64.160004,64.720001,64.720001,597100,59.71
30/07/2014,65.269997,68.059998,65,67.639999,67.639999,1855600,185.56
31/07/2014,67,67.25,64,65,65,2073200,207.32
1/08/2014,67.889999,67.889999,60.529999,61.939999,61.939999,3907300,390.73
4/08/2014,62.130001,63.66,61.220001,63.419998,63.419998,1504600,150.46
5/08/2014,62.5,62.950001,61.32,62.52,62.52,1156700,115.67
6/08/2014,61.59,62.73,60.860001,61.34,61.34,1108900,110.89
7/08/2014,62.07,62.07,60.450001,61.310001,61.310001,855700,85.57
8/08/2014,61.25,61.25,59.560001,60.139999,60.139999,1247000,124.7
11/08/2014,60.25,60.470001,58.32,59.41,59.41,1794500,179.45
12/08/2014,59.5,59.77,57.889999,58.240002,58.240002,1210900,121.09
13/08/2014,58.709999,61.5,58.259998,61.220001,61.220001,1767600,176.76
14/08/2014,61.130001,61.299999,59.919998,60.23,60.23,805100,80.51
15/08/2014,60.689999,61,58.200001,58.990002,58.990002,1636600,163.66
18/08/2014,59.349998,60.869999,58.970001,60.650002,60.650002,1066400,106.64
19/08/2014,60.709999,61.950001,60.029999,61.759998,61.759998,855900,85.59
20/08/2014,61.650002,61.950001,60.830002,61.380001,61.380001,637400,63.74
21/08/2014,61,61,58.459999,59.68,59.68,1620500,162.05
22/08/2014,59.73,61.299999,59.669998,60.98,60.98,1304100,130.41
25/08/2014,61.450001,61.580002,59.880001,59.970001,59.970001,662800,66.28
26/08/2014,59.98,61.700001,59.869999,61.490002,61.490002,672300,67.23
27/08/2014,61.310001,62.959999,61.080002,62.290001,62.290001,776900,77.69
28/08/2014,61.919998,62.25,60.25,60.450001,60.450001,916300,91.63
29/08/2014,60.619999,65.669998,60.470001,65.489998,65.489998,2659400,265.94
2/09/2014,65.139999,68.25,64.800003,68.18,68.18,1983600,198.36
3/09/2014,68.790001,68.790001,66.790001,67.510002,67.510002,1264000,126.4
4/09/2014,68.300003,68.910004,66.919998,67.150002,67.150002,890200,89.02
5/09/2014,67.010002,69.82,66.599998,69.379997,69.379997,1236700,123.67
8/09/2014,69,70.470001,68.599998,69.970001,69.970001,1665200,166.52
9/09/2014,70.190002,70.870003,69.25,69.730003,69.730003,1231600,123.16
10/09/2014,69.900002,73,69.150002,72.849998,72.849998,1704000,170.4
11/09/2014,73,76.480003,72.110001,75.550003,75.550003,2826600,282.66
12/09/2014,75.849998,78.419998,74.709999,77.160004,77.160004,3376700,337.67
15/09/2014,76.379997,76.410004,70.300003,71.370003,71.370003,2506800,250.68
16/09/2014,72.370003,74.129997,70.800003,73.389999,73.389999,1774800,177.48
17/09/2014,73.620003,74.190002,72.510002,73,73,973300,97.33
18/09/2014,73.389999,73.989998,71.980003,72.040001,72.040001,905600,90.56
19/09/2014,72.629997,73.339996,70.019997,73.260002,73.260002,1759900,175.99
22/09/2014,72.910004,73.93,71.230003,72.07,72.07,1124100,112.41
23/09/2014,71.440002,71.889999,69.620003,70.910004,70.910004,1494700,149.47
24/09/2014,71.68,73.349998,71.089996,73.019997,73.019997,969000,96.9
25/09/2014,72.919998,73.730003,70.5,70.980003,70.980003,1045600,104.56
26/09/2014,71.230003,72.129997,70.870003,71.760002,71.760002,937300,93.73
29/09/2014,70.440002,73.75,69.230003,73.010002,73.010002,1172500,117.25
30/09/2014,73.459999,73.68,71.519997,72.650002,72.650002,710000,71
1/10/2014,72.169998,72.169998,67.150002,68.029999,68.029999,1628700,162.87
2/10/2014,68.440002,69.620003,65.800003,69.349998,69.349998,1428600,142.86
3/10/2014,70.059998,71.980003,69.690002,70.220001,70.220001,963300,96.33
6/10/2014,72.550003,76.059998,70.910004,71.150002,71.150002,1957200,195.72
7/10/2014,70.18,73.43,69.93,71.239998,71.239998,1261800,126.18
8/10/2014,70.739998,72.980003,68.330002,72.459999,72.459999,1453000,145.3
9/10/2014,72.18,75.639999,71.610001,72.660004,72.660004,1707000,170.7
10/10/2014,71.639999,73.050003,67.580002,67.620003,67.620003,1740400,174.04
13/10/2014,68.32,68.690002,62.150002,64.739998,64.739998,2415500,241.55
14/10/2014,65.639999,67.739998,64.300003,65.989998,65.989998,1382100,138.21
15/10/2014,64.43,67.129997,62.75,66.379997,66.379997,1812800,181.28
16/10/2014,65.190002,69.389999,65.110001,68.029999,68.029999,1666800,166.68
17/10/2014,69.010002,72.75,68.68,70.540001,70.540001,2078300,207.83
20/10/2014,70.160004,73.879997,70.010002,71.559998,71.559998,1638900,163.89
21/10/2014,71.739998,75.989998,71.739998,75.5,75.5,1363700,136.37
22/10/2014,75,75.370003,72.160004,72.760002,72.760002,1210200,121.02
23/10/2014,73.410004,77.419998,72.949997,75.059998,75.059998,1543900,154.39
24/10/2014,75.599998,78.550003,75.510002,77.900002,77.900002,1212400,121.24
27/10/2014,77.870003,78.540001,76.699997,77.709999,77.709999,761300,76.13
28/10/2014,78.339996,81.919998,77.699997,81.190002,81.190002,1536300,153.63
29/10/2014,81,81,78.370003,79.760002,79.760002,956900,95.69
30/10/2014,79.349998,81.18,78.309998,80.690002,80.690002,1034800,103.48
31/10/2014,81.650002,83.989998,81.449997,82.589996,82.589996,1306800,130.68
3/11/2014,82.129997,82.620003,80.129997,81.300003,81.300003,1426700,142.67
4/11/2014,81.07,81.330002,78.790001,80.489998,80.489998,749700,74.97
5/11/2014,80.870003,80.889999,76.269997,76.5,76.5,2178700,217.87
6/11/2014,85.489998,88.5,83.110001,84.290001,84.290001,4166800,416.68
7/11/2014,84.32,85.529999,82.510002,84.919998,84.919998,1186700,118.67
10/11/2014,83.620003,84.449997,81.769997,83.550003,83.550003,1542300,154.23
11/11/2014,83.540001,84.5,82.639999,84.050003,84.050003,869100,86.91
12/11/2014,83.970001,84,82.410004,83.449997,83.449997,889000,88.9
13/11/2014,83.68,84.5,80.93,82.589996,82.589996,1124500,112.45
14/11/2014,82.269997,85,81.290001,84.830002,84.830002,782500,78.25
17/11/2014,84.110001,86.849998,82.75,83.309998,83.309998,947900,94.79
18/11/2014,83.580002,84.989998,82,82.099998,82.099998,844700,84.47
19/11/2014,82.099998,82.43,78.769997,80.230003,80.230003,1604300,160.43
20/11/2014,80,81.199997,78.550003,80.519997,80.519997,735600,73.56
21/11/2014,81.260002,82.860001,81.260002,81.75,81.75,1047100,104.71
24/11/2014,81.709999,83.68,81.330002,83.050003,83.050003,667700,66.77
25/11/2014,83,83.449997,81.279999,82.129997,82.129997,1021500,102.15
26/11/2014,82,84.349998,81.860001,83.860001,83.860001,673400,67.34
28/11/2014,83.620003,84.480003,83.099998,83.879997,83.879997,382400,38.24
1/12/2014,83.300003,83.599998,80.989998,81.809998,81.809998,700500,70.05
2/12/2014,83.190002,84,82.18,82.800003,82.800003,839000,83.9
3/12/2014,81.75,81.760002,80.099998,81.269997,81.269997,886000,88.6
4/12/2014,81.480003,82.839996,80.57,81.050003,81.050003,638600,63.86
5/12/2014,80.970001,82.209999,80.790001,81.790001,81.790001,602000,60.2
8/12/2014,81.349998,82.25,79.769997,80.389999,80.389999,844000,84.4
9/12/2014,78.760002,82.32,78.110001,82.199997,82.199997,764300,76.43
10/12/2014,83.709999,85.580002,81.400002,81.75,81.75,1123800,112.38
11/12/2014,82.959999,86.489998,82.849998,83.220001,83.220001,870900,87.09
12/12/2014,82.769997,83.790001,80.559998,80.589996,80.589996,851700,85.17
15/12/2014,80.769997,82.339996,79.199997,81.580002,81.580002,815000,81.5
16/12/2014,80.370003,81.779999,79.389999,80.32,80.32,787600,78.76
17/12/2014,80.559998,86.029999,80.559998,85.870003,85.870003,1284500,128.45
18/12/2014,87.110001,89.720001,86.919998,88.800003,88.800003,1164300,116.43
19/12/2014,89.120003,89.949997,87.480003,88.059998,88.059998,907400,90.74
22/12/2014,88.059998,88.790001,86.529999,87.010002,87.010002,656200,65.62
23/12/2014,87.5,89.860001,87.279999,88.720001,88.720001,799600,79.96
24/12/2014,88.779999,89.919998,88.32,88.760002,88.760002,175800,17.58
26/12/2014,88.910004,89.75,88.389999,88.900002,88.900002,269800,26.98
29/12/2014,88.470001,88.769997,86.059998,86.699997,86.699997,531400,53.14
30/12/2014,86.610001,86.919998,84.540001,85.68,85.68,453200,45.32
31/12/2014,85.559998,86.279999,84.519997,84.760002,84.760002,410900,41.09
2/01/2015,84.839996,86.389999,83.809998,85.980003,85.980003,619700,61.97
5/01/2015,85,86.279999,83.339996,84.739998,84.739998,769500,76.95
6/01/2015,85,86.190002,81.43,83.360001,83.360001,1014800,101.48
7/01/2015,84.43,85.599998,83.080002,83.400002,83.400002,465200,46.52
8/01/2015,84.480003,87.75,83.900002,86.449997,86.449997,613300,61.33
9/01/2015,87.110001,87.510002,85.360001,86.980003,86.980003,556100,55.61
12/01/2015,86.720001,87.190002,84.919998,86.769997,86.769997,504900,50.49
13/01/2015,87.510002,88.790001,83.970001,85.93,85.93,517400,51.74
14/01/2015,84.5,86.599998,84.139999,85.510002,85.510002,549500,54.95
15/01/2015,86.099998,86.279999,80.830002,81.07,81.07,958800,95.88
16/01/2015,80.980003,83.419998,80.029999,83.190002,83.190002,659600,65.96
20/01/2015,83.690002,84.760002,81.519997,82.889999,82.889999,393700,39.37
21/01/2015,82.809998,84.82,81.970001,82.459999,82.459999,472600,47.26
22/01/2015,82.800003,84.050003,81.059998,83.519997,83.519997,642000,64.2
23/01/2015,83.07,85.269997,82.639999,83.129997,83.129997,743000,74.3
26/01/2015,83.449997,84.940002,82.970001,84.110001,84.110001,533700,53.37
27/01/2015,82.400002,82.919998,80.669998,81.300003,81.300003,651000,65.1
28/01/2015,82.400002,82.5,78.209999,78.370003,78.370003,770400,77.04
29/01/2015,78.540001,80.860001,76.010002,80.5,80.5,819900,81.99
30/01/2015,79.709999,81.830002,79.510002,80.760002,80.760002,720500,72.05
2/02/2015,81.459999,82.440002,79.57,82.050003,82.050003,820000,82
3/02/2015,82.849998,83.209999,80.540001,83.010002,83.010002,716100,71.61
4/02/2015,83,84.849998,82.32,84.209999,84.209999,2059500,205.95
5/02/2015,98.389999,99.599998,95.160004,98.730003,98.730003,4849200,484.92
6/02/2015,98.599998,98.709999,95.809998,97.410004,97.410004,1414100,141.41
9/02/2015,94.699997,95.610001,92,93.279999,93.279999,1758100,175.81
10/02/2015,93.889999,96,91.629997,95.489998,95.489998,1629000,162.9
11/02/2015,95.760002,98.400002,95.370003,97.57,97.57,2023900,202.39
12/02/2015,97.900002,98.639999,96.68,98.5,98.5,1313000,131.3
13/02/2015,98.5,100,97,99.900002,99.900002,1439200,143.92
17/02/2015,99.110001,99.209999,96.519997,98.449997,98.449997,1091800,109.18
18/02/2015,98.449997,99.949997,97.760002,97.839996,97.839996,841700,84.17
19/02/2015,97.589996,101,97,99.32,99.32,1951900,195.19
20/02/2015,99.029999,101,99.029999,99.279999,99.279999,988300,98.83
23/02/2015,98.650002,98.989998,96.080002,96.849998,96.849998,858100,85.81
24/02/2015,96.849998,97.800003,95.400002,96.220001,96.220001,640900,64.09
25/02/2015,96.160004,97.910004,95.669998,97.269997,97.269997,521300,52.13
26/02/2015,98.919998,101.300003,96.150002,97.419998,97.419998,1409700,140.97
27/02/2015,97.970001,98.75,93.459999,94.010002,94.010002,1218100,121.81
2/03/2015,94.139999,97.080002,94.139999,96.849998,96.849998,826400,82.64
3/03/2015,95.970001,96.779999,93.150002,94.25,94.25,853500,85.35
4/03/2015,93.849998,94.239998,90.059998,92.110001,92.110001,1192300,119.23
5/03/2015,92.470001,96.239998,91.730003,95.5,95.5,1100600,110.06
6/03/2015,94.449997,95.839996,91.910004,92.339996,92.339996,824400,82.44
9/03/2015,92,93.089996,90.910004,92.669998,92.669998,562100,56.21
10/03/2015,91.5,93.239998,91.089996,92.040001,92.040001,530900,53.09
11/03/2015,92.110001,94.830002,92.019997,93.160004,93.160004,591300,59.13
12/03/2015,93.82,95.360001,92.75,94.760002,94.760002,696000,69.6
13/03/2015,94.199997,95.139999,92.209999,92.660004,92.660004,462900,46.29
16/03/2015,93.120003,94.650002,91.900002,94.470001,94.470001,476800,47.68
17/03/2015,94.279999,95.860001,94.07,95.019997,95.019997,481400,48.14
18/03/2015,94.879997,99.290001,94.620003,97.879997,97.879997,1090400,109.04
19/03/2015,97.830002,98.5,96.5,97.449997,97.449997,689500,68.95
20/03/2015,96.25,97.959999,93.209999,93.959999,93.959999,950800,95.08
23/03/2015,93.529999,95.25,92.790001,94.080002,94.080002,1032500,103.25
24/03/2015,94.459999,95.989998,93.230003,93.68,93.68,858600,85.86
25/03/2015,93.779999,94.040001,89.339996,90.730003,90.730003,880800,88.08
26/03/2015,89.339996,93.150002,89.339996,92.790001,92.790001,823000,82.3
27/03/2015,92.449997,94.370003,91.540001,93.239998,93.239998,707500,70.75
30/03/2015,93.32,94.459999,92.519997,93.089996,93.089996,479700,47.97
31/03/2015,92.699997,92.879997,90.959999,92.519997,92.519997,622700,62.27
1/04/2015,92.599998,92.720001,89.5,90.970001,90.970001,703400,70.34
2/04/2015,90.93,91.75,89.699997,91.269997,91.269997,486600,48.66
6/04/2015,90.309998,94.040001,90.139999,93.040001,93.040001,811600,81.16
7/04/2015,93.959999,96.400002,93.849998,94.949997,94.949997,787200,78.72
8/04/2015,95.400002,98.160004,95.080002,97.230003,97.230003,853500,85.35
9/04/2015,97.480003,97.949997,96.209999,96.760002,96.760002,426000,42.6
10/04/2015,97.260002,97.279999,95.93,97.220001,97.220001,583200,58.32
13/04/2015,97.290001,99.400002,95.459999,95.790001,95.790001,717300,71.73
14/04/2015,96.220001,96.650002,94.309998,95.5,95.5,555000,55.5
15/04/2015,95.919998,96.5,95.019997,96.050003,96.050003,530100,53.01
16/04/2015,97.470001,101.68,96.349998,101.160004,101.160004,1396300,139.63
17/04/2015,98.529999,98.830002,94.050003,95.07,95.07,1988900,198.89
20/04/2015,95.449997,96.339996,94.139999,95.309998,95.309998,860100,86.01
21/04/2015,97.300003,99.25,97.139999,98.849998,98.849998,913400,91.34
22/04/2015,99.440002,99.730003,97.900002,98.720001,98.720001,824100,82.41
23/04/2015,99.279999,103.129997,97.910004,102.199997,102.199997,1347500,134.75
24/04/2015,103.230003,103.400002,101.790001,102.400002,102.400002,938700,93.87
27/04/2015,103.349998,103.360001,99.339996,99.910004,99.910004,1042100,104.21
28/04/2015,99.940002,101.300003,98.019997,99.580002,99.580002,530200,53.02
29/04/2015,98.910004,102,97.110001,100.349998,100.349998,1105500,110.55
30/04/2015,99.25,101.209999,97.339996,97.839996,97.839996,820800,82.08
1/05/2015,98.910004,99.519997,96,97.769997,97.769997,882700,88.27
4/05/2015,98.75,99.730003,97.800003,99.139999,99.139999,777400,77.74
5/05/2015,98.599998,99.75,94.790001,97.269997,97.269997,1268400,126.84
6/05/2015,97.919998,97.919998,95.199997,96.75,96.75,990100,99.01
7/05/2015,96.660004,98.260002,95.790001,97.43,97.43,2442900,244.29
8/05/2015,106.660004,112.580002,105.75,110.690002,110.690002,5365500,536.55
11/05/2015,110.779999,113.620003,110.129997,112,112,1570600,157.06
12/05/2015,110.050003,110.82,107.339996,110.150002,110.150002,1678700,167.87
13/05/2015,110.25,111.470001,108.160004,110.839996,110.839996,1230700,123.07
14/05/2015,111.779999,113,109.5,112.660004,112.660004,1227900,122.79
15/05/2015,112.5,112.5,109.800003,110.089996,110.089996,930600,93.06
18/05/2015,109.120003,112.5,109.120003,111.910004,111.910004,1166800,116.68
19/05/2015,112.519997,116.040001,111.910004,114.300003,114.300003,1795300,179.53
20/05/2015,114.970001,115.389999,111.580002,113.330002,113.330002,933800,93.38
21/05/2015,113.93,113.959999,112,112.959999,112.959999,861700,86.17
22/05/2015,113.559998,113.559998,112.010002,113.360001,113.360001,695500,69.55
26/05/2015,113,113.25,110.199997,112.610001,112.610001,1047600,104.76
27/05/2015,112.870003,114.970001,111.32,114.860001,114.860001,612900,61.29
28/05/2015,114.290001,115.5,112.690002,113.230003,113.230003,619200,61.92
29/05/2015,113,114.5,111.18,113.209999,113.209999,593000,59.3
1/06/2015,112.620003,113.93,111.279999,112.900002,112.900002,898800,89.88
2/06/2015,112.739998,113.879997,111.279999,112.900002,112.900002,525200,52.52
3/06/2015,113.300003,115.779999,112.989998,114.870003,114.870003,673600,67.36
4/06/2015,114.379997,114.949997,112.110001,113.510002,113.510002,478000,47.8
5/06/2015,113.050003,116.870003,112.989998,115.599998,115.599998,709300,70.93
8/06/2015,115.110001,116.339996,112.82,113.639999,113.639999,681200,68.12
9/06/2015,115.029999,116.919998,112.110001,116.269997,116.269997,857800,85.78
10/06/2015,117.279999,117.82,114.139999,117.730003,117.730003,874800,87.48
11/06/2015,117.800003,119.440002,117.800003,119,119,807200,80.72
12/06/2015,118.209999,119.910004,117.110001,119.080002,119.080002,801900,80.19
15/06/2015,117.949997,122,117.800003,120.75,120.75,941000,94.1
16/06/2015,120.43,121.599998,118.5,120.599998,120.599998,767200,76.72
17/06/2015,120.709999,123.400002,120.129997,120.75,120.75,1004800,100.48
18/06/2015,120.989998,123.400002,120.110001,122.540001,122.540001,979500,97.95
19/06/2015,122.370003,123.980003,121.150002,122.809998,122.809998,1702800,170.28
22/06/2015,123.809998,123.959999,120.559998,121.540001,121.540001,753900,75.39
23/06/2015,121.919998,122.860001,121.300003,122.160004,122.160004,418000,41.8
24/06/2015,121.900002,122.550003,118.589996,119.68,119.68,645700,64.57
25/06/2015,120.419998,121.800003,119.75,120.559998,120.559998,594900,59.49
26/06/2015,120.510002,120.510002,115.040001,116.860001,116.860001,1541900,154.19
29/06/2015,115.400002,118.82,113.540001,113.809998,113.809998,1182200,118.22
30/06/2015,115.220001,116.989998,113.349998,115.300003,115.300003,1491100,149.11
1/07/2015,116.739998,119.379997,116.650002,116.980003,116.980003,779500,77.95
2/07/2015,117.349998,117.709999,115.07,117.110001,117.110001,531600,53.16
6/07/2015,115.339996,118.169998,114.709999,116.809998,116.809998,602200,60.22
7/07/2015,116.669998,118.269997,113.870003,117.510002,117.510002,993800,99.38
8/07/2015,116.32,118.379997,115.589996,116.260002,116.260002,779600,77.96
9/07/2015,118.370003,122,117.459999,119.449997,119.449997,947000,94.7
10/07/2015,120.870003,122.489998,119.110001,121.010002,121.010002,727700,72.77
13/07/2015,122.879997,123.330002,120.099998,120.639999,120.639999,582100,58.21
14/07/2015,121.059998,122.230003,119.610001,121.779999,121.779999,621400,62.14
15/07/2015,122.25,122.25,120.459999,121.480003,121.480003,521000,52.1
16/07/2015,122.519997,126.93,121.639999,125.089996,125.089996,1040200,104.02
17/07/2015,125.760002,126.75,124.639999,126.339996,126.339996,626800,62.68
20/07/2015,126.25,128.630005,126.07,128.149994,128.149994,724600,72.46
21/07/2015,127.720001,128.600006,126.239998,127.57,127.57,455100,45.51
22/07/2015,126.599998,129.710007,126.480003,128.740005,128.740005,606400,60.64
23/07/2015,129.020004,131.339996,127.059998,127.269997,127.269997,719500,71.95
24/07/2015,129.539993,131.169998,125.540001,127.440002,127.440002,1155200,115.52
27/07/2015,126.010002,128.369995,123.760002,125,125,927700,92.77
28/07/2015,125.849998,127.269997,122.769997,127.07,127.07,1231100,123.11
29/07/2015,105.790001,114.190002,97.669998,113.489998,113.489998,11066000,1106.6
30/07/2015,111.779999,111.889999,103,106.839996,106.839996,3436200,343.62
31/07/2015,106.480003,107.610001,104.32,104.739998,104.739998,1295400,129.54
3/08/2015,104.290001,105.779999,99.169998,101.339996,101.339996,2714900,271.49
4/08/2015,100.540001,101.629997,98.93,101.18,101.18,1374300,137.43
5/08/2015,101.599998,104.730003,101.599998,103.940002,103.940002,1149900,114.99
6/08/2015,103.709999,104.370003,98.940002,99.25,99.25,1362400,136.24
7/08/2015,100.029999,102.68,98.610001,101.769997,101.769997,1311800,131.18
10/08/2015,101.849998,103.959999,101.480003,103.900002,103.900002,1196100,119.61
11/08/2015,102.559998,103.629997,100.379997,102.160004,102.160004,1108300,110.83
12/08/2015,101.099998,103.089996,100,103.050003,103.050003,982700,98.27
13/08/2015,102.93,105.400002,102.110001,104.25,104.25,1095200,109.52
14/08/2015,103.849998,109.400002,103.559998,107.440002,107.440002,1999000,199.9
17/08/2015,107.18,107.980003,105.309998,106.489998,106.489998,996800,99.68
18/08/2015,106.5,108.410004,105.339996,106.040001,106.040001,783400,78.34
19/08/2015,105.029999,107.080002,104.050003,104.559998,104.559998,771300,77.13
20/08/2015,103.790001,105.199997,100.300003,100.599998,100.599998,1234100,123.41
21/08/2015,98.760002,101.5,98.089996,99.480003,99.480003,1581400,158.14
24/08/2015,89.839996,101.730003,89.839996,94.82,94.82,1794500,179.45
25/08/2015,98.480003,100.870003,94.620003,94.870003,94.870003,1656200,165.62
26/08/2015,97.059998,97.550003,92.559998,96.360001,96.360001,2028600,202.86
27/08/2015,98.230003,99.400002,95.050003,97.330002,97.330002,1228500,122.85
28/08/2015,97.099998,98.190002,95.830002,97.160004,97.160004,1044200,104.42
31/08/2015,97.150002,98.57,94.050003,94.169998,94.169998,2498700,249.87
1/09/2015,92.410004,93.860001,91.360001,91.720001,91.720001,1453400,145.34
2/09/2015,92.720001,95.639999,92.019997,95.5,95.5,1074600,107.46
3/09/2015,95.949997,97,93.860001,95.080002,95.080002,723200,72.32
4/09/2015,93.699997,95.800003,93.629997,94.68,94.68,588100,58.81
8/09/2015,95.540001,96.699997,93.07,95.660004,95.660004,1489200,148.92
9/09/2015,96.410004,97.349998,93.169998,93.419998,93.419998,740500,74.05
10/09/2015,92.699997,94.75,91.639999,93.650002,93.650002,1001400,100.14
11/09/2015,93.410004,94.739998,93.110001,93.800003,93.800003,711700,71.17
14/09/2015,94.099998,94.519997,92.779999,94.389999,94.389999,653100,65.31
15/09/2015,94.190002,94.379997,92.43,93.010002,93.010002,1195600,119.56
16/09/2015,93.019997,93.330002,90.129997,91.519997,91.519997,1829100,182.91
17/09/2015,91.510002,91.660004,84.419998,84.809998,84.809998,7520200,752.02
18/09/2015,84.110001,84.940002,81.5,84.68,84.68,4329700,432.97
21/09/2015,85.25,87.5,85,86.480003,86.480003,2446300,244.63
22/09/2015,86,87.089996,83.089996,83.5,83.5,1516200,151.62
23/09/2015,84,85.019997,82.910004,84.559998,84.559998,1138900,113.89
24/09/2015,84.110001,85.980003,82.830002,85.589996,85.589996,1387000,138.7
25/09/2015,86.489998,87,82.129997,82.989998,82.989998,813700,81.37
28/09/2015,82.629997,83.25,78.589996,79.25,79.25,1551200,155.12
29/09/2015,79.220001,80.43,76.010002,77.580002,77.580002,1629600,162.96
30/09/2015,78.620003,80.239998,77.029999,79.779999,79.779999,1287700,128.77
1/10/2015,79.360001,82.370003,78.68,82.199997,82.199997,1527300,152.73
2/10/2015,80.480003,84.389999,79.160004,84.309998,84.309998,1294600,129.46
5/10/2015,84.300003,85.150002,82.660004,83.190002,83.190002,1302900,130.29
6/10/2015,82.709999,83.529999,79.410004,80.93,80.93,1190500,119.05
7/10/2015,81.400002,83.410004,80.150002,83.089996,83.089996,992700,99.27
8/10/2015,82.900002,83,79.220001,79.559998,79.559998,1221900,122.19
9/10/2015,79.860001,83.300003,78.279999,83,83,1297700,129.77
12/10/2015,83.050003,84.800003,82.080002,84.459999,84.459999,1395100,139.51
13/10/2015,83.940002,85.970001,82.699997,84.239998,84.239998,1696400,169.64
14/10/2015,84.050003,84.610001,81.040001,81.769997,81.769997,1030600,103.06
15/10/2015,82.07,83,80.309998,82.949997,82.949997,975100,97.51
16/10/2015,83.360001,85.089996,82.309998,85.050003,85.050003,999400,99.94
19/10/2015,85,89.059998,84.559998,85.519997,85.519997,1427900,142.79
20/10/2015,85.389999,87.639999,85,86.809998,86.809998,1211500,121.15
21/10/2015,87.519997,87.519997,82.07,82.25,82.25,1319300,131.93
22/10/2015,83.150002,85.800003,82.900002,83.82,83.82,1381600,138.16
23/10/2015,83.32,85.68,83,83.699997,83.699997,1741400,174.14
26/10/2015,83.769997,84.080002,81.160004,82.529999,82.529999,1005100,100.51
27/10/2015,82.290001,82.300003,80.5,80.959999,80.959999,1348200,134.82
28/10/2015,81.050003,84.870003,80.139999,83.940002,83.940002,1450800,145.08
29/10/2015,84.099998,84.279999,81.5,81.720001,81.720001,715000,71.5
30/10/2015,82.339996,84.190002,81.779999,83.959999,83.959999,926300,92.63
2/11/2015,84.419998,86.910004,83.610001,86.190002,86.190002,989600,98.96
3/11/2015,86.07,86.910004,85.209999,85.93,85.93,854200,85.42
4/11/2015,86.480003,88.230003,85.860001,87.809998,87.809998,1354400,135.44
5/11/2015,86.290001,87.220001,83.550003,84.389999,84.389999,2553700,255.37
6/11/2015,98.709999,104.919998,98,102.440002,102.440002,4767400,476.74
9/11/2015,101.809998,102.440002,97.839996,100.050003,100.050003,2010900,201.09
10/11/2015,96.550003,97.889999,95.25,96.290001,96.290001,1652200,165.22
11/11/2015,96.269997,96.93,94.330002,96.75,96.75,1490600,149.06
12/11/2015,95.510002,98.5,95.019997,95.099998,95.099998,1081300,108.13
13/11/2015,94.669998,95.529999,93.050003,93.580002,93.580002,747100,74.71
16/11/2015,93.129997,94.410004,90.589996,92.519997,92.519997,1314300,131.43
17/11/2015,93,94.470001,92.529999,93.739998,93.739998,1079100,107.91
18/11/2015,93.93,95.470001,93.5,95.089996,95.089996,773400,77.34
19/11/2015,95.019997,95.690002,93.440002,93.870003,93.870003,695500,69.55
20/11/2015,94.25,94.839996,92.650002,93.589996,93.589996,618400,61.84
23/11/2015,93.540001,95.959999,92.830002,94.730003,94.730003,877200,87.72
24/11/2015,93.800003,95.43,93.040001,95.019997,95.019997,1080500,108.05
25/11/2015,95,97.480003,94.529999,96.959999,96.959999,993100,99.31
27/11/2015,96.639999,98.68,96.639999,97.669998,97.669998,596600,59.66
30/11/2015,97.639999,98,95.800003,97.029999,97.029999,799900,79.99
1/12/2015,97.400002,98.150002,96.25,97.610001,97.610001,733000,73.3
2/12/2015,97.5,97.809998,94.519997,94.989998,94.989998,828100,82.81
3/12/2015,95.239998,95.580002,91.050003,92.449997,92.449997,1218100,121.81
4/12/2015,92.68,94.199997,91.790001,94.099998,94.099998,753500,75.35
7/12/2015,93.25,94.110001,92.18,92.57,92.57,664800,66.48
8/12/2015,91.440002,94.029999,91.199997,93.629997,93.629997,834300,83.43
9/12/2015,93.5,93.93,90.879997,91.25,91.25,602400,60.24
10/12/2015,91.489998,94.199997,90.860001,92.43,92.43,838400,83.84
11/12/2015,90.790001,91.790001,87.879997,88.230003,88.230003,958700,95.87
14/12/2015,88.230003,89.779999,86.82,88.239998,88.239998,551900,55.19
15/12/2015,88.559998,90.290001,88.349998,89.449997,89.449997,646700,64.67
16/12/2015,90.449997,92.489998,89.449997,92.199997,92.199997,757800,75.78
17/12/2015,92.370003,93.139999,90.150002,90.209999,90.209999,654900,65.49
18/12/2015,90.169998,90.459999,88.209999,88.669998,88.669998,940300,94.03
21/12/2015,89.489998,89.489998,87.839996,89.059998,89.059998,569300,56.93
22/12/2015,89.830002,94.129997,89.730003,93.199997,93.199997,1259600,125.96
23/12/2015,93.330002,95.529999,93.330002,95.169998,95.169998,818200,81.82
24/12/2015,94.870003,95.769997,94.800003,95.480003,95.480003,281000,28.1
28/12/2015,94.730003,95.629997,94.330002,95.059998,95.059998,484100,48.41
29/12/2015,95.519997,96.669998,93.769997,95.089996,95.089996,565500,56.55
30/12/2015,95.099998,96.550003,94.43,94.75,94.75,553000,55.3
31/12/2015,94.470001,95.690002,93.910004,94.220001,94.220001,478400,47.84
4/01/2016,92.709999,93.900002,91.510002,93.790001,93.790001,669600,66.96
5/01/2016,94.220001,94.629997,93.290001,94.300003,94.300003,518000,51.8
6/01/2016,92.860001,94.720001,92.010002,93.5,93.5,853100,85.31
7/01/2016,91.279999,93.139999,88,88.57,88.57,1249500,124.95
8/01/2016,89.059998,90.529999,85.639999,86.43,86.43,1120500,112.05
11/01/2016,86.800003,87.660004,85.220001,87.129997,87.129997,791800,79.18
12/01/2016,88.339996,90.989998,85.580002,88.489998,88.489998,804500,80.45
13/01/2016,87.959999,89.540001,81.120003,82.150002,82.150002,1825800,182.58
14/01/2016,82.150002,83.849998,77.330002,82.730003,82.730003,1563300,156.33
15/01/2016,79,81.709999,77.150002,81.059998,81.059998,1464800,146.48
19/01/2016,81.730003,82.260002,78.650002,80.889999,80.889999,1312000,131.2
20/01/2016,79.150002,80.099998,74.82,79.410004,79.410004,2119600,211.96
21/01/2016,79.739998,83.260002,78.220001,80.739998,80.739998,1445700,144.57
22/01/2016,81.510002,83.400002,81.239998,81.339996,81.339996,1353100,135.31
25/01/2016,81.120003,81.82,77.349998,77.75,77.75,1197900,119.79
26/01/2016,78.139999,79.529999,75.580002,77.989998,77.989998,915700,91.57
27/01/2016,77.150002,77.230003,73.199997,73.57,73.57,2271300,227.13
28/01/2016,72.470001,81.589996,71.610001,77.849998,77.849998,3549000,354.9
29/01/2016,77.809998,80.93,77.809998,80.239998,80.239998,1241300,124.13
1/02/2016,79.940002,81.25,78.639999,80.900002,80.900002,1011400,101.14
2/02/2016,81.010002,81.010002,78.660004,78.830002,78.830002,1115100,111.51
3/02/2016,77.919998,79.970001,73.730003,79.610001,79.610001,1632000,163.2
4/02/2016,79.489998,82.919998,77.730003,81.75,81.75,2917800,291.78
5/02/2016,44.049999,45.639999,40.040001,41.330002,41.330002,21218500,2121.85
8/02/2016,39.130001,40.52,36.860001,37.220001,37.220001,6918000,691.8
9/02/2016,36.599998,40.59,36.599998,39.23,39.23,5577300,557.73
10/02/2016,40.09,41.080002,38.77,39.860001,39.860001,3229300,322.93
11/02/2016,39.119999,40.380001,38.52,39.98,39.98,1771600,177.16
12/02/2016,40.459999,41.200001,39.07,40.25,40.25,1979000,197.9
16/02/2016,40.970001,41.740002,39.779999,40.169998,40.169998,2423000,242.3
17/02/2016,40.360001,42.16,40.189999,42.09,42.09,3072000,307.2
18/02/2016,41.91,42.400002,40.959999,41.09,41.09,1278500,127.85
19/02/2016,41,42.650002,40.509998,42.389999,42.389999,1488300,148.83
22/02/2016,43.200001,43.200001,42.009998,42.66,42.66,1596400,159.64
23/02/2016,42.599998,42.66,40.619999,40.84,40.84,1651900,165.19
24/02/2016,40.5,42.16,39.619999,42.07,42.07,1590000,159
25/02/2016,43.330002,44.389999,42.349998,43.060001,43.060001,1784600,178.46
26/02/2016,43.91,45.139999,43.009998,44.41,44.41,2677200,267.72
29/02/2016,44.57,46.32,44.299999,45.650002,45.650002,1965700,196.57
1/03/2016,46.41,48.630001,46.049999,48.599998,48.599998,2832200,283.22
2/03/2016,48.439999,48.849998,44.09,44.189999,44.189999,4233700,423.37
3/03/2016,44.98,45.119999,42.349998,43.119999,43.119999,5705300,570.53
4/03/2016,43.490002,44.5,42.689999,42.75,42.75,4442200,444.22
7/03/2016,42.599998,44.779999,42.099998,44.32,44.32,2626500,262.65
8/03/2016,43.880001,44.950001,43.560001,43.639999,43.639999,1866200,186.62
9/03/2016,44.09,44.259998,42.450001,42.68,42.68,2095200,209.52
10/03/2016,43,43.860001,42.529999,42.799999,42.799999,2229600,222.96
11/03/2016,43.220001,45.400002,43.099998,44.970001,44.970001,1176800,117.68
14/03/2016,45,45.029999,43.68,43.810001,43.810001,1137700,113.77
15/03/2016,43.529999,43.82,42.119999,42.549999,42.549999,1098200,109.82
16/03/2016,42.389999,43.84,42.34,43.669998,43.669998,1491700,149.17
17/03/2016,43.419998,43.84,42.830002,43.220001,43.220001,1227800,122.78
18/03/2016,43.25,44.259998,43.029999,44.029999,44.029999,1818400,181.84
21/03/2016,44,44.400002,43.43,43.619999,43.619999,1131100,113.11
22/03/2016,43.290001,44.099998,43.049999,43.849998,43.849998,1536300,153.63
23/03/2016,43.849998,44.02,42.080002,42.189999,42.189999,1393500,139.35
24/03/2016,42,43.110001,41.330002,42.900002,42.900002,1128200,112.82
28/03/2016,43.860001,44.830002,43.59,43.93,43.93,1832900,183.29
29/03/2016,43.75,45.720001,43.43,45.650002,45.650002,1312300,131.23
30/03/2016,45.830002,46.439999,44.73,45.360001,45.360001,1744000,174.4
31/03/2016,45.189999,46.029999,44.240002,45.869999,45.869999,1202400,120.24
1/04/2016,45.389999,46,44.700001,45.860001,45.860001,1429700,142.97
4/04/2016,45.740002,47.470001,45.41,46.830002,46.830002,1487700,148.77
5/04/2016,46.200001,47.049999,45.27,45.290001,45.290001,1257700,125.77
6/04/2016,45.310001,46.200001,44.209999,45.900002,45.900002,1211300,121.13
7/04/2016,45.66,46.25,44.84,45.43,45.43,1005300,100.53
8/04/2016,45.790001,46.07,44.799999,45.619999,45.619999,977200,97.72
11/04/2016,45.700001,46.139999,44.75,44.810001,44.810001,1039300,103.93
12/04/2016,44.799999,45.139999,43.830002,44.009998,44.009998,1320300,132.03
13/04/2016,44.349998,48,44.189999,47.880001,47.880001,2516100,251.61
14/04/2016,47.900002,48.75,47.73,48.139999,48.139999,1446600,144.66
15/04/2016,48,48.389999,47.490002,48.169998,48.169998,762400,76.24
18/04/2016,47.91,49.18,47.619999,48.82,48.82,1070200,107.02
19/04/2016,48.950001,49.25,46.5,47,47,1593300,159.33
20/04/2016,47.599998,48.279999,46.790001,47.77,47.77,1112600,111.26
21/04/2016,48.77,50.34,48.75,49.59,49.59,1629900,162.99
22/04/2016,49.23,50.25,48.57,49.849998,49.849998,1496000,149.6
25/04/2016,49.700001,50.84,49.529999,49.860001,49.860001,915800,91.58
26/04/2016,49.689999,50.509998,49.369999,49.5,49.5,1226800,122.68
27/04/2016,49.369999,50.529999,49.369999,49.630001,49.630001,1354100,135.41
28/04/2016,49.900002,50.279999,49.02,49.380001,49.380001,1494900,149.49
29/04/2016,49.639999,51.779999,49.5,51.700001,51.700001,2184900,218.49
2/05/2016,52,53.759998,51.459999,52.139999,52.139999,1974700,197.47
3/05/2016,51.77,52,50.259998,50.720001,50.720001,1326500,132.65
4/05/2016,50.5,50.82,49.57,49.950001,49.950001,1697200,169.72
5/05/2016,50,51.080002,49.310001,50.98,50.98,3392300,339.23
6/05/2016,47.759998,47.970001,44.040001,45.209999,45.209999,9002200,900.22
9/05/2016,45,47.169998,45,46.389999,46.389999,2442600,244.26
10/05/2016,46.25,47.880001,45.82,47.849998,47.849998,1618900,161.89
11/05/2016,47.990002,49.66,47.68,49.259998,49.259998,1863300,186.33
12/05/2016,49.630001,50.02,47.509998,48.07,48.07,1792700,179.27
13/05/2016,48.080002,48.599998,47.48,48.349998,48.349998,1337600,133.76
16/05/2016,48.330002,49.169998,47.59,48.41,48.41,1183100,118.31
17/05/2016,48.380001,48.939999,47.200001,47.380001,47.380001,2080100,208.01
18/05/2016,47.23,48.68,47.220001,48.470001,48.470001,1452100,145.21
19/05/2016,48.200001,49.279999,47.529999,48,48,1101600,110.16
20/05/2016,48.169998,49.580002,47.970001,49.25,49.25,1322600,132.26
23/05/2016,49.09,49.740002,48.400002,48.990002,48.990002,1689300,168.93
24/05/2016,49.400002,49.5,48.189999,48.889999,48.889999,1849400,184.94
25/05/2016,49.32,49.900002,48.939999,49.349998,49.349998,1089500,108.95
26/05/2016,49.439999,49.830002,48.93,49.400002,49.400002,812100,81.21
27/05/2016,49.029999,50.43,48.830002,50.200001,50.200001,1127800,112.78
31/05/2016,50.400002,52.310001,50.150002,51.439999,51.439999,4376500,437.65
1/06/2016,51.139999,54.41,51,54.32,54.32,2540000,254
2/06/2016,53.790001,56.27,53.549999,56.16,56.16,2065500,206.55
3/06/2016,56,56,54.43,54.860001,54.860001,1450700,145.07
6/06/2016,54.889999,55.91,54.259998,55.700001,55.700001,1247100,124.71
7/06/2016,55.310001,55.799999,54.389999,55.330002,55.330002,2299200,229.92
8/06/2016,55.470001,56.290001,55.240002,56.18,56.18,1474600,147.46
9/06/2016,55.959999,56.18,55.259998,55.470001,55.470001,1660400,166.04
10/06/2016,54.77,54.82,53.75,53.91,53.91,1497500,149.75
13/06/2016,53.939999,55.720001,53.639999,54.380001,54.380001,1404400,140.44
14/06/2016,54,54.75,53.34,53.84,53.84,950900,95.09
15/06/2016,53.970001,55.43,53.849998,54.639999,54.639999,1213200,121.32
16/06/2016,54.380001,54.639999,53.389999,54.439999,54.439999,1219300,121.93
17/06/2016,54.240002,54.459999,53.529999,54.139999,54.139999,1170600,117.06
20/06/2016,55,55.66,54.439999,54.68,54.68,1155900,115.59
21/06/2016,54.98,55.48,54.509998,54.939999,54.939999,688300,68.83
22/06/2016,54.68,54.849998,53.669998,54.310001,54.310001,1207200,120.72
23/06/2016,54.759998,55.869999,54.169998,55.759998,55.759998,845200,84.52
24/06/2016,53.799999,53.84,50.310001,50.639999,50.639999,2839500,283.95
27/06/2016,50.119999,50.330002,46.740002,47.150002,47.150002,2525200,252.52
28/06/2016,48.029999,48.610001,47.490002,48.110001,48.110001,1638400,163.84
29/06/2016,48.560001,49.689999,48,49.279999,49.279999,1026200,102.62
30/06/2016,49.029999,49.52,48.25,48.919998,48.919998,968900,96.89
1/07/2016,49.189999,49.630001,48.540001,48.959999,48.959999,673200,67.32
5/07/2016,48.639999,49.279999,47.77,49.110001,49.110001,937100,93.71
6/07/2016,48.75,49.779999,48.25,49.32,49.32,636900,63.69
7/07/2016,49.610001,50.18,49.310001,49.529999,49.529999,579300,57.93
8/07/2016,49.990002,51.080002,49.84,50.5,50.5,887400,88.74
11/07/2016,51.360001,51.560001,50.32,50.419998,50.419998,1290300,129.03
12/07/2016,50.599998,53.709999,50.490002,53.130001,53.130001,2037300,203.73
13/07/2016,53.52,53.52,52.360001,52.48,52.48,776900,77.69
14/07/2016,53.009998,53.73,52.91,53.27,53.27,693500,69.35
15/07/2016,53.43,53.48,52.59,53.189999,53.189999,438600,43.86
18/07/2016,53.23,53.810001,53,53.630001,53.630001,400000,40
19/07/2016,53.77,54.330002,53.310001,53.630001,53.630001,692400,69.24
20/07/2016,54.830002,57.82,54.610001,57.029999,57.029999,2622900,262.29
21/07/2016,56.950001,57.029999,54.799999,54.950001,54.950001,850900,85.09
22/07/2016,55.200001,57.279999,54.810001,57.060001,57.060001,849800,84.98
25/07/2016,54.93,55.970001,54.110001,55.68,55.68,1521300,152.13
26/07/2016,55.68,56.25,55.599998,56.130001,56.130001,972400,97.24
27/07/2016,56.52,57.049999,55.619999,56.09,56.09,858500,85.85
28/07/2016,57.080002,57.25,56.110001,56.950001,56.950001,1182700,118.27
29/07/2016,56.91,57,55.209999,56.509998,56.509998,1018100,101.81
1/08/2016,56.299999,57.119999,55.619999,56.439999,56.439999,1098800,109.88
2/08/2016,56.18,57.139999,55.630001,56.400002,56.400002,2598500,259.85
3/08/2016,52.869999,53.5,50.27,53.200001,53.200001,6005000,600.5
4/08/2016,53.16,54,52.720001,52.73,52.73,1547300,154.73
5/08/2016,52.82,53.75,52.790001,53.709999,53.709999,1116100,111.61
8/08/2016,54,54.389999,53.110001,53.189999,53.189999,836800,83.68
9/08/2016,53,53.220001,51.860001,52.950001,52.950001,1355400,135.54
10/08/2016,52.900002,53.18,52.049999,52.82,52.82,675800,67.58
11/08/2016,52.84,54,52.709999,53.73,53.73,859400,85.94
12/08/2016,53.650002,53.860001,53.27,53.849998,53.849998,797100,79.71
15/08/2016,53.93,54.900002,53.759998,54.630001,54.630001,627800,62.78
16/08/2016,54.959999,55.540001,54.080002,54.25,54.25,1135000,113.5
17/08/2016,54.040001,54.689999,53.669998,53.84,53.84,1065300,106.53
18/08/2016,53.700001,54.66,53.509998,54.470001,54.470001,592600,59.26
19/08/2016,54.09,55.310001,54.009998,55.25,55.25,789700,78.97
22/08/2016,54.790001,55.23,54.549999,54.869999,54.869999,741700,74.17
23/08/2016,59.139999,62.529999,58.790001,62.220001,62.220001,7519900,751.99
24/08/2016,62.02,62.029999,60.189999,60.490002,60.490002,3033800,303.38
25/08/2016,59,60.240002,58.810001,59.790001,59.790001,1679100,167.91
26/08/2016,59.650002,60,58.389999,59.27,59.27,1520000,152
29/08/2016,59.259998,59.82,58.540001,59.330002,59.330002,659300,65.93
30/08/2016,59.25,59.900002,58.560001,58.91,58.91,823800,82.38
31/08/2016,58.610001,58.720001,57.77,58.029999,58.029999,650300,65.03
1/09/2016,57.639999,58.330002,57.290001,58.029999,58.029999,576600,57.66
2/09/2016,58.349998,58.75,57.84,58.459999,58.459999,637200,63.72
6/09/2016,58.549999,59.700001,58.509998,58.700001,58.700001,742200,74.22
7/09/2016,58.59,59.580002,58.23,58.34,58.34,902100,90.21
8/09/2016,58.299999,58.599998,57.290001,57.400002,57.400002,631400,63.14
9/09/2016,57.139999,57.939999,56.41,57.549999,57.549999,1171400,117.14
12/09/2016,57.060001,57.419998,56.209999,57.080002,57.080002,928100,92.81
13/09/2016,56.509998,57.389999,55.080002,55.5,55.5,1007000,100.7
14/09/2016,55.439999,56.43,54.900002,55.380001,55.380001,1241600,124.16
15/09/2016,55.279999,55.639999,54.639999,55.16,55.16,1171400,117.14
16/09/2016,55.16,55.34,54.369999,54.869999,54.869999,1074800,107.48
19/09/2016,55.369999,55.43,54.080002,54.18,54.18,746400,74.64
20/09/2016,54.25,54.75,53.16,53.310001,53.310001,1092000,109.2
21/09/2016,53.630001,53.880001,52.91,53.810001,53.810001,1016200,101.62
22/09/2016,54.389999,54.689999,53.529999,54.48,54.48,656800,65.68
23/09/2016,54.529999,54.990002,53.990002,54.41,54.41,673700,67.37
26/09/2016,54.09,54.349998,53.59,53.959999,53.959999,525200,52.52
27/09/2016,53.970001,55.049999,53.970001,54.810001,54.810001,633300,63.33
28/09/2016,54.990002,55.93,54.950001,55.880001,55.880001,766900,76.69
29/09/2016,55.860001,56.139999,54.549999,54.740002,54.740002,710700,71.07
30/09/2016,54.93,55.540001,54.02,55.27,55.27,762400,76.24
3/10/2016,55.279999,56.220001,55.259998,56.02,56.02,715500,71.55
4/10/2016,56.200001,56.23,55.560001,55.709999,55.709999,580200,58.02
5/10/2016,55.52,55.529999,53.700001,53.779999,53.779999,1426100,142.61
6/10/2016,53.689999,53.689999,51.43,51.630001,51.630001,2130800,213.08
7/10/2016,51.380001,51.43,50.200001,50.41,50.41,1740200,174.02
10/10/2016,50.5,51.82,50.5,50.830002,50.830002,1111600,111.16
11/10/2016,50.810001,51.630001,49.759998,49.939999,49.939999,1433300,143.33
12/10/2016,49.689999,50.139999,49.07,49.349998,49.349998,776600,77.66
13/10/2016,48.669998,49.07,47.91,48.93,48.93,1412000,141.2
14/10/2016,48.889999,50.060001,48,48.029999,48.029999,1289000,128.9
17/10/2016,48.029999,48.16,47.139999,47.200001,47.200001,1304900,130.49
18/10/2016,47.869999,48.080002,47.099998,47.23,47.23,831400,83.14
19/10/2016,50.040001,53.02,48.5,48.91,48.91,6468300,646.83
20/10/2016,48.299999,49.549999,47.810001,49.02,49.02,1920300,192.03
21/10/2016,48,48.389999,47.209999,48.25,48.25,1897900,189.79
24/10/2016,48.68,49.099998,48.099998,48.900002,48.900002,1227800,122.78
25/10/2016,48.73,48.91,47.740002,47.869999,47.869999,1318300,131.83
26/10/2016,47.759998,48.560001,47.68,48.110001,48.110001,891000,89.1
27/10/2016,48.700001,49.130001,47.419998,47.639999,47.639999,993900,99.39
28/10/2016,47.299999,48.169998,47.279999,47.82,47.82,2222800,222.28
31/10/2016,48,48.279999,47.310001,48.049999,48.049999,1904600,190.46
1/11/2016,48.049999,49.650002,48.029999,49.509998,49.509998,3702400,370.24
2/11/2016,44.23,45.720001,42.82,43.509998,43.509998,8041500,804.15
3/11/2016,43.139999,44.150002,42.700001,43.59,43.59,1922600,192.26
4/11/2016,43.77,45.549999,43.77,44.700001,44.700001,2010400,201.04
7/11/2016,45.580002,46.450001,45.119999,45.650002,45.650002,1101000,110.1
8/11/2016,45.580002,46.48,45.009998,46.200001,46.200001,968600,96.86
9/11/2016,44.970001,47.720001,44.91,46.98,46.98,1366600,136.66
10/11/2016,47.59,48.68,46.299999,47.32,47.32,1413500,141.35
11/11/2016,47.07,47.549999,46.189999,47.41,47.41,1227200,122.72
14/11/2016,47.830002,47.990002,45.720001,46,46,1641700,164.17
15/11/2016,46.119999,47,45.599998,46.549999,46.549999,1157900,115.79
16/11/2016,46.330002,46.720001,45.740002,45.950001,45.950001,1151600,115.16
17/11/2016,45.790001,47.700001,45.470001,47.200001,47.200001,1206300,120.63
18/11/2016,47.73,47.869999,46.029999,46.470001,46.470001,1028400,102.84
21/11/2016,46.59,47.310001,46.290001,47.25,47.25,761300,76.13
22/11/2016,46.98,47.68,46.639999,47.43,47.43,683200,68.32
23/11/2016,47.060001,47.32,46.639999,46.860001,46.860001,600100,60.01
25/11/2016,46.860001,47.209999,46.150002,47.02,47.02,286300,28.63
28/11/2016,46.959999,47.470001,45.52,45.720001,45.720001,715700,71.57
29/11/2016,45.700001,46.02,45.099998,45.369999,45.369999,782800,78.28
30/11/2016,45.900002,45.950001,44.599998,44.880001,44.880001,651800,65.18
1/12/2016,44.790001,45.439999,43.25,44.18,44.18,1366200,136.62
2/12/2016,42.439999,44.549999,42.240002,44.34,44.34,1264000,126.4
5/12/2016,44.540001,45.93,44.389999,45.419998,45.419998,1118800,111.88
6/12/2016,45.389999,45.799999,44.950001,45.360001,45.360001,1101300,110.13
7/12/2016,45.18,46.080002,44.77,45.57,45.57,869500,86.95
8/12/2016,45.639999,46.060001,45.259998,45.650002,45.650002,581500,58.15
9/12/2016,45.790001,46.970001,45.52,45.950001,45.950001,973800,97.38
12/12/2016,45.810001,45.939999,44.119999,44.84,44.84,944900,94.49
13/12/2016,44.720001,46.080002,44.529999,45,45,901800,90.18
14/12/2016,44.849998,44.849998,43.779999,43.990002,43.990002,901800,90.18
15/12/2016,43.779999,44.869999,43.709999,44.220001,44.220001,701500,70.15
16/12/2016,44.150002,44.75,43.790001,44.02,44.02,678800,67.88
19/12/2016,44.029999,44.220001,42.959999,43.09,43.09,1007100,100.71
20/12/2016,43.209999,43.68,42.419998,42.66,42.66,890400,89.04
21/12/2016,42.849998,42.93,41.830002,42.349998,42.349998,1332800,133.28
22/12/2016,42.279999,42.459999,41.549999,41.669998,41.669998,908800,90.88
23/12/2016,41.599998,42.16,41.509998,42.119999,42.119999,485100,48.51
27/12/2016,42.139999,43.130001,42.139999,42.709999,42.709999,424000,42.4
28/12/2016,42.790001,42.959999,41.610001,41.84,41.84,622200,62.22
29/12/2016,41.709999,42.02,41.41,41.68,41.68,564400,56.44
30/12/2016,41.810001,42.34,41.610001,42.150002,42.150002,770200,77.02
3/01/2017,41.650002,44.150002,41.650002,43.32,43.32,1195900,119.59
4/01/2017,43.400002,45.290001,43.330002,45.060001,45.060001,1688200,168.82
5/01/2017,44.509998,45.299999,44.200001,44.810001,44.810001,1096800,109.68
6/01/2017,44.990002,45.290001,44.790001,44.98,44.98,694100,69.41
9/01/2017,45.02,45.459999,44.669998,45.240002,45.240002,775100,77.51
10/01/2017,45.369999,45.509998,44.5,45.189999,45.189999,776900,77.69
11/01/2017,45.169998,45.650002,44.630001,45.200001,45.200001,748900,74.89
12/01/2017,45.200001,45.200001,43.830002,44.77,44.77,772000,77.2
13/01/2017,45,45.290001,44.740002,45.060001,45.060001,456900,45.69
17/01/2017,45,45,44.02,44.25,44.25,567600,56.76
18/01/2017,44.310001,44.580002,44.07,44.5,44.5,634100,63.41
19/01/2017,44.689999,44.990002,44.16,44.830002,44.830002,765500,76.55
20/01/2017,44.950001,45.009998,44.450001,44.900002,44.900002,596500,59.65
23/01/2017,44.41,44.889999,44.130001,44.709999,44.709999,540400,54.04
24/01/2017,46.389999,46.669998,45.27,46.450001,46.450001,1102400,110.24
25/01/2017,47.349998,48.349998,47.09,47.84,47.84,1440600,144.06
26/01/2017,48.34,48.799999,47.82,48.209999,48.209999,2075100,207.51
27/01/2017,48.389999,48.580002,47.77,48.139999,48.139999,776400,77.64
30/01/2017,47.75,47.75,46.759998,47.73,47.73,691400,69.14
31/01/2017,47.209999,47.860001,47.009998,47.84,47.84,640600,64.06
1/02/2017,48.099998,48.59,47.540001,48.459999,48.459999,1778500,177.85
2/02/2017,48.080002,49.389999,47.82,48.209999,48.209999,2846600,284.66
3/02/2017,55.43,57.299999,54.689999,55.279999,55.279999,7180300,718.03
6/02/2017,55,56.07,54.009998,54.119999,54.119999,3334000,333.4
7/02/2017,54,54.459999,52.68,53.580002,53.580002,2950400,295.04
8/02/2017,53.68,54.810001,53.68,53.939999,53.939999,1147900,114.79
9/02/2017,53.939999,54.490002,53.599998,54,54,900900,90.09
10/02/2017,54.040001,54.209999,53.66,53.759998,53.759998,1045800,104.58
13/02/2017,54.029999,54.360001,53.5,53.810001,53.810001,1125200,112.52
14/02/2017,53.740002,54.080002,53.299999,54.080002,54.080002,1021600,102.16
15/02/2017,53.950001,55.200001,53.860001,55.009998,55.009998,2136500,213.65
16/02/2017,55.200001,55.66,53.779999,54.060001,54.060001,1773800,177.38
17/02/2017,53.599998,54.68,53.299999,54.619999,54.619999,758300,75.83
21/02/2017,54.32,55.16,54.150002,55.119999,55.119999,1074400,107.44
22/02/2017,54.779999,55.09,53.950001,54.029999,54.029999,630500,63.05
23/02/2017,54.130001,54.16,53.240002,53.369999,53.369999,1053100,105.31
24/02/2017,52.779999,53.330002,52.27,53.259998,53.259998,1003500,100.35
27/02/2017,52.98,53.66,52.580002,53.580002,53.580002,1033300,103.33
28/02/2017,52.740002,53.330002,52.220001,52.740002,52.740002,738800,73.88
1/03/2017,53.25,53.419998,52.07,53.279999,53.279999,997800,99.78
2/03/2017,53.049999,53.380001,51.98,51.990002,51.990002,879400,87.94
3/03/2017,51.849998,52.209999,51.580002,52.139999,52.139999,718300,71.83
6/03/2017,51.439999,51.759998,50.73,51.02,51.02,1708500,170.85
7/03/2017,50.880001,51.380001,49.450001,50.16,50.16,2296500,229.65
8/03/2017,50.41,50.84,49.75,49.84,49.84,864400,86.44
9/03/2017,49.630001,50.110001,49.169998,49.450001,49.450001,1081100,108.11
10/03/2017,49.91,50.080002,48.240002,48.830002,48.830002,1103500,110.35
13/03/2017,48.830002,49.07,48.43,48.939999,48.939999,1012100,101.21
14/03/2017,48.709999,49.169998,48.169998,49.09,49.09,696700,69.67
15/03/2017,49.130001,49.630001,48.720001,49.419998,49.419998,1704900,170.49
16/03/2017,49.689999,49.869999,49.41,49.459999,49.459999,442300,44.23
17/03/2017,49.82,49.849998,48.970001,49.099998,49.099998,811100,81.11
20/03/2017,49.189999,49.27,48.860001,49.02,49.02,615100,61.51
21/03/2017,49.16,49.16,47.490002,47.599998,47.599998,1013600,101.36
22/03/2017,47.599998,48.189999,47.299999,48.110001,48.110001,757900,75.79
23/03/2017,48.060001,48.110001,47.5,47.82,47.82,775600,77.56
24/03/2017,47.990002,48.689999,47.57,48.41,48.41,736500,73.65
27/03/2017,47.830002,48.439999,47.560001,48.189999,48.189999,1033900,103.39
28/03/2017,48.110001,48.52,48.009998,48.25,48.25,1446600,144.66
29/03/2017,48.209999,48.889999,48.049999,48.830002,48.830002,551500,55.15
30/03/2017,48.700001,49.27,48.66,48.959999,48.959999,1300000,130
31/03/2017,49.380001,50.52,49.200001,49.549999,49.549999,1253200,125.32
3/04/2017,49.639999,50.279999,49.41,49.709999,49.709999,1220200,122.02
4/04/2017,49.549999,50.48,49.549999,49.990002,49.990002,861200,86.12
5/04/2017,50.220001,50.77,49.799999,49.860001,49.860001,815800,81.58
6/04/2017,49.779999,50.860001,49.240002,50.830002,50.830002,1229100,122.91
7/04/2017,50.799999,51,50.369999,50.66,50.66,558600,55.86
10/04/2017,50.630001,50.970001,50.400002,50.48,50.48,435000,43.5
11/04/2017,50.310001,51,50.290001,50.990002,50.990002,654000,65.4
12/04/2017,50.860001,51.34,50.619999,50.860001,50.860001,709000,70.9
13/04/2017,50.84,51.23,50.470001,50.599998,50.599998,514300,51.43
17/04/2017,50.610001,51.150002,50.610001,51.07,51.07,842300,84.23
18/04/2017,51.259998,52.599998,50.810001,52.52,52.52,1145800,114.58
19/04/2017,52.720001,53.41,52.580002,53.27,53.27,713500,71.35
20/04/2017,53.630001,54.029999,52.84,53.98,53.98,852500,85.25
21/04/2017,54.419998,55.360001,53.75,54.09,54.09,1361800,136.18
24/04/2017,54.360001,54.57,53,53.98,53.98,1349500,134.95
25/04/2017,54.369999,54.419998,53.619999,53.630001,53.630001,777400,77.74
26/04/2017,53.619999,53.950001,53.029999,53.650002,53.650002,591900,59.19
27/04/2017,53.799999,54.130001,53.349998,53.48,53.48,739100,73.91
28/04/2017,53.43,53.880001,53.220001,53.68,53.68,585300,58.53
1/05/2017,53.75,54.240002,53.5,54.110001,54.110001,817500,81.75
2/05/2017,54.16,54.849998,53.650002,54.779999,54.779999,1203100,120.31
3/05/2017,54.48,55.119999,54.209999,54.700001,54.700001,1918000,191.8
4/05/2017,61.889999,63.34,57.650002,58.049999,58.049999,5166300,516.63
5/05/2017,58.23,60.75,57.990002,60.439999,60.439999,2228500,222.85
8/05/2017,59.529999,60.549999,59.439999,60.049999,60.049999,2401000,240.1
9/05/2017,60.099998,61.220001,59.799999,60.080002,60.080002,1975900,197.59
10/05/2017,59.919998,60.75,59.419998,60.48,60.48,717800,71.78
11/05/2017,60.450001,61,60,60.310001,60.310001,1079300,107.93
12/05/2017,60.369999,60.98,60.02,60.720001,60.720001,641700,64.17
15/05/2017,60.849998,62.419998,60.75,61.93,61.93,2588000,258.8
16/05/2017,61.93,62.790001,61.349998,61.98,61.98,1175800,117.58
17/05/2017,60.75,61.34,60.169998,60.23,60.23,1173100,117.31
18/05/2017,59.880001,60.91,59.610001,59.689999,59.689999,986800,98.68
19/05/2017,60,60.889999,59.470001,60.34,60.34,1130300,113.03
22/05/2017,60.209999,60.91,59.5,60.439999,60.439999,1249800,124.98
23/05/2017,60.439999,60.650002,59.799999,60.220001,60.220001,538500,53.85
24/05/2017,60.970001,62.040001,60.849998,61.959999,61.959999,2066600,206.66
25/05/2017,62,66.860001,61.77,64.150002,64.150002,3426500,342.65
26/05/2017,63.860001,64.889999,63.049999,63.560001,63.560001,1204100,120.41
30/05/2017,63.27,63.650002,62,62.52,62.52,909500,90.95
31/05/2017,62.68,63,61.689999,62.009998,62.009998,941500,94.15
1/06/2017,62.029999,62.639999,61.43,62.43,62.43,1516800,151.68
2/06/2017,62.369999,63,62.02,62.68,62.68,650700,65.07
5/06/2017,62.5,63.34,62.310001,62.349998,62.349998,687300,68.73
6/06/2017,61.959999,62.970001,61.799999,61.970001,61.970001,826400,82.64
7/06/2017,62.049999,62.759998,61.25,61.919998,61.919998,600200,60.02
8/06/2017,62.09,63.27,61.599998,63.189999,63.189999,685500,68.55
9/06/2017,63.41,64.580002,58.889999,60.299999,60.299999,1680400,168.04
12/06/2017,58.919998,60.400002,57.25,60.220001,60.220001,1803400,180.34
13/06/2017,62.66,63.68,61.040001,62.150002,62.150002,1931000,193.1
14/06/2017,62.369999,62.939999,61.119999,62.119999,62.119999,942800,94.28
15/06/2017,61.23,62.150002,60.75,61.799999,61.799999,732900,73.29
16/06/2017,61.619999,62.23,61.259998,62.049999,62.049999,1139200,113.92
19/06/2017,62.610001,64.110001,62.490002,63.779999,63.779999,1454700,145.47
20/06/2017,63.66,63.990002,62.639999,62.889999,62.889999,1176100,117.61
21/06/2017,63.400002,65.489998,63.400002,64.940002,64.940002,1507700,150.77
22/06/2017,65.220001,66.099998,64.870003,65.720001,65.720001,1147600,114.76
23/06/2017,65.730003,66.519997,65.510002,66.5,66.5,1091900,109.19
26/06/2017,66.790001,67.099998,65.75,66.050003,66.050003,925900,92.59
27/06/2017,65.75,66.5,64.459999,64.470001,64.470001,880100,88.01
28/06/2017,64.910004,65.040001,63.639999,64.129997,64.129997,693900,69.39
29/06/2017,63.970001,64.25,61.209999,61.77,61.77,1220700,122.07
30/06/2017,61.779999,62.419998,61.080002,61.27,61.27,1232700,123.27
3/07/2017,61.630001,61.790001,60.43,61.16,61.16,456900,45.69
5/07/2017,61.389999,62.07,61.169998,62.049999,62.049999,746800,74.68
6/07/2017,61.5,62.099998,60.93,61.27,61.27,767700,76.77
7/07/2017,61.48,62.560001,61.330002,62.540001,62.540001,624500,62.45
10/07/2017,62.77,63.049999,62.040001,62.27,62.27,581600,58.16
11/07/2017,62.279999,63.110001,61.810001,62.919998,62.919998,597500,59.75
12/07/2017,63.470001,64.769997,63.130001,64.470001,64.470001,691600,69.16
13/07/2017,64.550003,64.809998,63.32,63.630001,63.630001,512600,51.26
14/07/2017,63.630001,63.630001,62.189999,62.889999,62.889999,674200,67.42
17/07/2017,64.580002,64.580002,63.650002,64.029999,64.029999,541800,54.18
18/07/2017,63.799999,64.089996,63.389999,63.759998,63.759998,341800,34.18
19/07/2017,64.080002,64.529999,63.799999,64.459999,64.459999,513500,51.35
20/07/2017,64.639999,64.959999,64,64.43,64.43,350600,35.06
21/07/2017,64.269997,64.269997,63.59,63.77,63.77,506900,50.69
24/07/2017,63.759998,64.489998,63.41,64.449997,64.449997,448500,44.85
25/07/2017,64.440002,65.43,63.990002,64.93,64.93,576700,57.67
26/07/2017,65.099998,65.440002,64.68,64.980003,64.980003,560100,56.01
27/07/2017,65.5,66.089996,63.720001,64.870003,64.870003,701200,70.12
28/07/2017,64.489998,65.099998,63.950001,64.849998,64.849998,649400,64.94
31/07/2017,65.160004,65.43,63.84,64.449997,64.449997,612700,61.27
1/08/2017,64.540001,65.669998,64.440002,65.470001,65.470001,715500,71.55
2/08/2017,65.599998,65.669998,63.459999,64.019997,64.019997,2118300,211.83
3/08/2017,69.510002,70,66.75,69.800003,69.800003,4305500,430.55
4/08/2017,69.949997,71.529999,69.519997,71.309998,71.309998,1562100,156.21
7/08/2017,71.050003,71.400002,70.059998,70.620003,70.620003,1561000,156.1
8/08/2017,70.139999,70.669998,69.529999,69.940002,69.940002,973200,97.32
9/08/2017,69.110001,70.300003,68.540001,69.860001,69.860001,1131700,113.17
10/08/2017,69.5,69.82,67.419998,67.970001,67.970001,1132700,113.27
11/08/2017,67.68,68.959999,67.389999,68.669998,68.669998,712200,71.22
14/08/2017,69.449997,70.43,69.07,70.360001,70.360001,851100,85.11
15/08/2017,70.339996,70.550003,69.360001,70.300003,70.300003,598000,59.8
16/08/2017,70.43,71.480003,70.129997,70.82,70.82,896500,89.65
17/08/2017,70.349998,70.660004,69.260002,69.32,69.32,655100,65.51
18/08/2017,69.040001,69.809998,68.779999,69.739998,69.739998,485300,48.53
21/08/2017,69.580002,70.599998,69.480003,70.269997,70.269997,630400,63.04
22/08/2017,70.389999,71.849998,70.269997,71.639999,71.639999,616700,61.67
23/08/2017,71.120003,72,71.029999,71.529999,71.529999,439300,43.93
24/08/2017,71.660004,72.150002,71.349998,72.029999,72.029999,467500,46.75
25/08/2017,72.230003,73.370003,71.690002,71.809998,71.809998,590100,59.01
28/08/2017,72,72.139999,71.190002,71.68,71.68,492800,49.28
29/08/2017,70.720001,71.910004,70.519997,71.519997,71.519997,334700,33.47
30/08/2017,71.5,72.239998,71.309998,72,72,615000,61.5
31/08/2017,71.919998,72.599998,71.809998,72.480003,72.480003,534100,53.41
1/09/2017,72.629997,73.120003,72.199997,72.660004,72.660004,652700,65.27
5/09/2017,72.220001,72.489998,71.019997,71.980003,71.980003,795900,79.59
6/09/2017,72.099998,72.699997,71.099998,72.120003,72.120003,720600,72.06
7/09/2017,72.349998,72.980003,72.129997,72.239998,72.239998,1138700,113.87
8/09/2017,72.389999,72.980003,71.800003,72.849998,72.849998,656400,65.64
11/09/2017,73.419998,75.410004,73.419998,74.800003,74.800003,1303900,130.39
12/09/2017,74.940002,75.75,74.239998,75.629997,75.629997,641800,64.18
13/09/2017,75.629997,76.269997,75.330002,75.410004,75.410004,881600,88.16
14/09/2017,75.279999,75.889999,74.730003,75.230003,75.230003,601900,60.19
15/09/2017,74.849998,75.07,74.269997,75.019997,75.019997,708000,70.8
18/09/2017,75.209999,76.18,75.209999,75.970001,75.970001,609500,60.95
19/09/2017,76.129997,76.300003,75.059998,75.57,75.57,472600,47.26
20/09/2017,75.43,75.529999,74.639999,75.25,75.25,836600,83.66
21/09/2017,75.5,75.669998,74.540001,75.43,75.43,338900,33.89
22/09/2017,75.32,75.889999,74.919998,75.580002,75.580002,346300,34.63
25/09/2017,75.580002,75.870003,73.269997,73.889999,73.889999,559200,55.92
26/09/2017,74.220001,74.699997,73.18,73.830002,73.830002,415400,41.54
27/09/2017,74.349998,75.940002,73.910004,75.650002,75.650002,477800,47.78
28/09/2017,75.489998,75.779999,74.43,74.57,74.57,477500,47.75
29/09/2017,74.599998,75.059998,74.010002,74.889999,74.889999,581700,58.17
2/10/2017,75.129997,75.610001,74.459999,75.389999,75.389999,401600,40.16
3/10/2017,75.449997,76.5,75.139999,75.980003,75.980003,489900,48.99
4/10/2017,76.050003,76.269997,75.220001,76.120003,76.120003,397500,39.75
5/10/2017,76.410004,77.300003,76.029999,76.900002,76.900002,695900,69.59
6/10/2017,76.610001,77.470001,76.220001,77.379997,77.379997,460100,46.01
9/10/2017,77.440002,77.769997,77.150002,77.650002,77.650002,428700,42.87
10/10/2017,77.839996,78.139999,75.980003,76.230003,76.230003,618400,61.84
11/10/2017,76.540001,77.080002,75.809998,76.940002,76.940002,634600,63.46
12/10/2017,76.919998,77.900002,76.900002,77.220001,77.220001,440200,44.02
13/10/2017,77.800003,78.110001,77.459999,77.669998,77.669998,426600,42.66
16/10/2017,78,78.410004,77.57,78.330002,78.330002,426000,42.6
17/10/2017,78.410004,79.040001,78.360001,79.019997,79.019997,371200,37.12
18/10/2017,79.5,79.730003,78.599998,78.669998,78.669998,325700,32.57
19/10/2017,78.389999,78.849998,77.910004,78.620003,78.620003,473600,47.36
20/10/2017,78.699997,79.82,78.629997,78.779999,78.779999,581900,58.19
23/10/2017,79.68,79.75,78.849998,79.150002,79.150002,663300,66.33
24/10/2017,79.290001,79.449997,78.68,78.860001,78.860001,321200,32.12
25/10/2017,78.769997,79.129997,77.68,78.300003,78.300003,685800,68.58
26/10/2017,78.519997,79.650002,77.650002,79.379997,79.379997,738300,73.83
27/10/2017,79.830002,80.75,78.68,79.339996,79.339996,660400,66.04
30/10/2017,79,80.139999,79,79.529999,79.529999,707000,70.7
31/10/2017,80.110001,81.419998,79.709999,81.089996,81.089996,990600,99.06
1/11/2017,81.550003,81.739998,79.269997,80.760002,80.760002,1356300,135.63
2/11/2017,80.260002,82.32,79.690002,82.169998,82.169998,1570800,157.08
3/11/2017,72.379997,75.379997,71.5,74.599998,74.599998,6713800,671.38
6/11/2017,74.580002,74.660004,71.120003,71.400002,71.400002,2618100,261.81
7/11/2017,71.529999,71.93,69.809998,70.269997,70.269997,2231300,223.13
8/11/2017,70.099998,71.389999,69.75,71.25,71.25,1538000,153.8
9/11/2017,71.199997,71.709999,69.839996,71.639999,71.639999,772300,77.23
10/11/2017,71.379997,72.370003,71.080002,72.150002,72.150002,685200,68.52
13/11/2017,71.610001,71.699997,70.540001,71.239998,71.239998,740600,74.06
14/11/2017,71.120003,71.75,70.900002,71.18,71.18,361100,36.11
15/11/2017,70.889999,72.949997,70.07,70.349998,70.349998,566100,56.61
16/11/2017,70.970001,71.580002,69.690002,70.309998,70.309998,983300,98.33
17/11/2017,70.349998,70.959999,69.610001,70.190002,70.190002,858300,85.83
20/11/2017,70.139999,70.730003,69.910004,70.099998,70.099998,812500,81.25
21/11/2017,70.190002,70.830002,69.550003,69.68,69.68,868200,86.82
22/11/2017,69.68,69.690002,68.599998,69.43,69.43,959200,95.92
24/11/2017,69.379997,70.32,69.129997,70.07,70.07,204300,20.43
27/11/2017,69.980003,70.760002,69.959999,70.389999,70.389999,585900,58.59
28/11/2017,70.839996,71.480003,70.760002,70.940002,70.940002,713500,71.35
29/11/2017,70.919998,70.919998,68.370003,68.959999,68.959999,927000,92.7
30/11/2017,69.199997,70.559998,68.870003,70.300003,70.300003,670400,67.04
1/12/2017,69.870003,70.650002,69.400002,70.32,70.32,719200,71.92
4/12/2017,70.300003,70.68,68.690002,68.769997,68.769997,860900,86.09
5/12/2017,68.449997,70.980003,68.449997,69.870003,69.870003,903100,90.31
6/12/2017,69.480003,70.910004,69.160004,70.760002,70.760002,463000,46.3
7/12/2017,70.470001,71.959999,70.32,71.610001,71.610001,624400,62.44
8/12/2017,72.279999,72.610001,71.5,71.589996,71.589996,459400,45.94
11/12/2017,71.790001,72.07,70.940002,71.190002,71.190002,602600,60.26
12/12/2017,71.160004,71.599998,70.419998,70.669998,70.669998,516900,51.69
13/12/2017,70.830002,71.410004,69.949997,70.099998,70.099998,591900,59.19
14/12/2017,70.309998,70.57,69.309998,69.389999,69.389999,674400,67.44
15/12/2017,69.559998,71.010002,69.209999,70.629997,70.629997,893000,89.3
18/12/2017,71.010002,71.839996,70.800003,71.059998,71.059998,590400,59.04
19/12/2017,71.360001,71.419998,70.370003,70.68,70.68,627800,62.78
20/12/2017,70.730003,70.940002,69.800003,70.059998,70.059998,407100,40.71
21/12/2017,70.489998,70.900002,70.260002,70.75,70.75,447000,44.7
22/12/2017,70.620003,70.620003,69.830002,70.190002,70.190002,291900,29.19
26/12/2017,70.120003,70.919998,69.790001,70.709999,70.709999,232400,23.24
27/12/2017,70.699997,71.25,70.199997,70.57,70.57,326300,32.63
28/12/2017,70.589996,70.839996,70.120003,70.360001,70.360001,361200,36.12
29/12/2017,70.239998,70.410004,69,69.199997,69.199997,518100,51.81
2/01/2018,69.849998,70.839996,69.790001,70.209999,70.209999,496400,49.64
3/01/2018,70.449997,71.699997,70.25,71.610001,71.610001,642800,64.28
4/01/2018,70.440002,71.330002,69.75,70.279999,70.279999,1215900,121.59
5/01/2018,70.699997,70.93,70.150002,70.279999,70.279999,537600,53.76
8/01/2018,70,70.93,69.800003,70.629997,70.629997,524800,52.48
9/01/2018,70.739998,71.209999,69.949997,70.800003,70.800003,433300,43.33
10/01/2018,70.389999,72.839996,70.150002,72.690002,72.690002,648600,64.86
11/01/2018,73,74.580002,73,73.699997,73.699997,1022900,102.29
12/01/2018,73.800003,75.169998,73.269997,74.519997,74.519997,738300,73.83
16/01/2018,75.190002,75.669998,72.470001,73.199997,73.199997,700400,70.04
17/01/2018,73.199997,74.260002,72.43,74.07,74.07,598800,59.88
18/01/2018,73.940002,74.150002,72.739998,73.040001,73.040001,531700,53.17
19/01/2018,73.139999,74.129997,72.980003,73.949997,73.949997,522100,52.21
22/01/2018,73.970001,74.660004,73.43,74.419998,74.419998,685400,68.54
23/01/2018,74.110001,74.32,72.709999,73.57,73.57,722200,72.22
24/01/2018,73.650002,73.849998,72.82,73.309998,73.309998,954400,95.44
25/01/2018,73.610001,76.07,73.5,74.949997,74.949997,970100,97.01
26/01/2018,75.660004,77.099998,75.290001,76.82,76.82,754100,75.41
29/01/2018,76.82,77.739998,76.559998,77.150002,77.150002,854500,85.45
30/01/2018,76.019997,77.25,75.580002,76.059998,76.059998,594000,59.4
31/01/2018,76.720001,77.470001,75.879997,76.809998,76.809998,832500,83.25
1/02/2018,76.739998,78.099998,76.440002,77.089996,77.089996,1408400,140.84
2/02/2018,86.110001,87,81.120003,84.010002,84.010002,5881200,588.12
5/02/2018,82.940002,84.919998,80.07,80.120003,80.120003,1963000,196.3
6/02/2018,78.389999,80,76.279999,79.300003,79.300003,3305900,330.59
7/02/2018,79.199997,80,77.529999,77.830002,77.830002,1658600,165.86
8/02/2018,78.300003,79.089996,76.050003,76.150002,76.150002,1345500,134.55
9/02/2018,76.589996,77.970001,73.379997,77.349998,77.349998,1140200,114.02
12/02/2018,77.720001,79.769997,77.5,78.980003,78.980003,975100,97.51
13/02/2018,78.760002,80.550003,78.389999,79.800003,79.800003,829500,82.95
14/02/2018,79.529999,82,79.059998,81.790001,81.790001,847300,84.73
15/02/2018,82.730003,83.779999,80.889999,83.32,83.32,782700,78.27
16/02/2018,83.32,84.629997,81.199997,82.150002,82.150002,1279600,127.96
20/02/2018,81.029999,83.57,80.980003,82.660004,82.660004,1039500,103.95
21/02/2018,82.589996,84.120003,82.120003,82.160004,82.160004,644300,64.43
22/02/2018,82.419998,83.099998,81.639999,81.940002,81.940002,490900,49.09
23/02/2018,82.300003,83.290001,82.029999,83.279999,83.279999,297700,29.77
26/02/2018,83.389999,84.330002,82.800003,83.449997,83.449997,651600,65.16
27/02/2018,83.449997,83.949997,81.760002,81.760002,81.760002,601000,60.1
28/02/2018,82.25,83.120003,81.349998,81.669998,81.669998,540100,54.01
1/03/2018,81.959999,82.699997,80.620003,81.480003,81.480003,629000,62.9
2/03/2018,80.699997,83.089996,80.010002,83.019997,83.019997,674800,67.48
5/03/2018,82.540001,86.110001,81.849998,85.800003,85.800003,1392100,139.21
6/03/2018,86,86.660004,83.699997,84.360001,84.360001,874400,87.44
7/03/2018,83.879997,84.980003,83.599998,84.410004,84.410004,765100,76.51
8/03/2018,84.540001,86.32,84.540001,85.730003,85.730003,509200,50.92
9/03/2018,86.260002,87.599998,86.040001,86.639999,86.639999,641000,64.1
12/03/2018,86.730003,87.389999,86.32,86.410004,86.410004,1183300,118.33
13/03/2018,86.720001,87.110001,83.970001,84.220001,84.220001,719500,71.95
14/03/2018,84.589996,85.330002,83.959999,84.669998,84.669998,649500,64.95
15/03/2018,84.910004,85.139999,83.519997,84.540001,84.540001,561500,56.15
16/03/2018,84.610001,84.949997,83.019997,83.330002,83.330002,527400,52.74
19/03/2018,82.790001,83.089996,81.139999,82.559998,82.559998,926000,92.6
20/03/2018,82.489998,83.830002,82.410004,83.589996,83.589996,476800,47.68
21/03/2018,83.57,85.099998,83.260002,84.099998,84.099998,586300,58.63
22/03/2018,83.129997,84.389999,82.519997,82.800003,82.800003,386100,38.61
23/03/2018,82.540001,83.5,81.400002,81.410004,81.410004,670900,67.09
26/03/2018,82.660004,84.269997,82.230003,84.239998,84.239998,339800,33.98
27/03/2018,84.459999,84.940002,81.190002,81.5,81.5,539000,53.9
28/03/2018,81.489998,81.580002,79.029999,79.199997,79.199997,749200,74.92
29/03/2018,79.370003,81.620003,78.32,80.82,80.82,682300,68.23
2/04/2018,80.510002,80.699997,78,78.540001,78.540001,606200,60.62
3/04/2018,79.230003,79.879997,78.279999,79.480003,79.480003,536200,53.62
4/04/2018,78.010002,80.07,77.720001,79.900002,79.900002,788600,78.86
5/04/2018,80.720001,81.57,80.150002,80.370003,80.370003,490500,49.05
6/04/2018,79.739998,80.580002,78.18,78.389999,78.389999,698900,69.89
9/04/2018,78.639999,79.639999,77.760002,77.82,77.82,763900,76.39
10/04/2018,78.970001,79.32,77.32,78.860001,78.860001,692800,69.28
11/04/2018,78.260002,80.690002,78.040001,79.639999,79.639999,578000,57.8
12/04/2018,80.330002,81.559998,80.089996,81.160004,81.160004,447500,44.75
13/04/2018,81.660004,81.660004,79.43,79.919998,79.919998,545200,54.52
16/04/2018,80.400002,82.160004,79.849998,81.18,81.18,538600,53.86
17/04/2018,81.709999,85.129997,81.620003,84.459999,84.459999,1314400,131.44
18/04/2018,84.279999,86.040001,83.720001,85.110001,85.110001,1039000,103.9
19/04/2018,84.57,84.970001,83.730003,84.389999,84.389999,727600,72.76
20/04/2018,84.019997,84.910004,83.650002,83.82,83.82,694500,69.45
23/04/2018,83.970001,85.489998,83.970001,84.870003,84.870003,869700,86.97
24/04/2018,85.199997,85.809998,81.720001,81.980003,81.980003,925100,92.51
25/04/2018,81.639999,81.839996,79.120003,81.410004,81.410004,907800,90.78
26/04/2018,81.870003,84.720001,81.870003,83.610001,83.610001,715600,71.56
27/04/2018,83.68,84.260002,82.769997,84.089996,84.089996,807700,80.77
30/04/2018,84.160004,85.669998,84.160004,85.050003,85.050003,1120500,112.05
1/05/2018,84.790001,85.610001,84.25,84.779999,84.779999,1181400,118.14
2/05/2018,84.720001,85.529999,83.910004,85.18,85.18,1554400,155.44
3/05/2018,95,97.089996,89.370003,90.790001,90.790001,3356700,335.67
4/05/2018,90.489998,91.860001,89.980003,91,91,1544100,154.41
7/05/2018,90.5,91.629997,90.290001,90.989998,90.989998,1696200,169.62
8/05/2018,90.629997,93.709999,90.309998,93.099998,93.099998,996700,99.67
9/05/2018,93.279999,95.470001,92.809998,95.209999,95.209999,1060100,106.01
10/05/2018,93.239998,95.779999,93.18,94.989998,94.989998,721700,72.17
11/05/2018,95.010002,95.760002,94.32,95,95,633200,63.32
14/05/2018,94.870003,94.970001,91.940002,92.080002,92.080002,732400,73.24
15/05/2018,91.650002,93.220001,91.099998,92.489998,92.489998,544900,54.49
16/05/2018,92.580002,94,91.919998,92.760002,92.760002,969600,96.96
17/05/2018,92.080002,94.839996,92.080002,93.489998,93.489998,998200,99.82
18/05/2018,93.559998,95.470001,93.540001,94.43,94.43,621800,62.18
21/05/2018,95,95.580002,93.620003,93.790001,93.790001,647600,64.76
22/05/2018,94.779999,95.190002,93.849998,94.269997,94.269997,563300,56.33
23/05/2018,93.32,95.860001,93.32,95.82,95.82,686800,68.68
24/05/2018,95.980003,98.230003,95.639999,97.379997,97.379997,1123600,112.36
25/05/2018,98.029999,99.620003,97.959999,98.559998,98.559998,1125700,112.57
29/05/2018,98.080002,98.93,97.599998,98,98,1134000,113.4
30/05/2018,98.720001,99.639999,98.309998,99.360001,99.360001,814400,81.44
31/05/2018,99.32,99.800003,98.660004,98.870003,98.870003,738700,73.87
1/06/2018,98.900002,99.75,98.120003,98.529999,98.529999,1022900,102.29
4/06/2018,99,99.790001,98.410004,99.620003,99.620003,959300,95.93
5/06/2018,99.660004,101.43,99.660004,100.660004,100.660004,793600,79.36
6/06/2018,100.699997,101.589996,100.040001,100.650002,100.650002,600700,60.07
7/06/2018,100.669998,100.709999,97.010002,98.07,98.07,1249300,124.93
8/06/2018,97.519997,99.160004,97.230003,98.75,98.75,429000,42.9
11/06/2018,98.970001,100.300003,98.080002,99.879997,99.879997,596600,59.66
12/06/2018,100.220001,101.489998,99.669998,101.169998,101.169998,929700,92.97
13/06/2018,102.07,102.580002,100.099998,101.300003,101.300003,745500,74.55
14/06/2018,101.879997,103.389999,101.849998,102.040001,102.040001,771500,77.15
15/06/2018,102,103.559998,101.330002,103.129997,103.129997,659700,65.97
18/06/2018,102.639999,104.760002,101.550003,104.480003,104.480003,624500,62.45
19/06/2018,103.25,104.489998,101.290001,104.290001,104.290001,661700,66.17
20/06/2018,104.32,105.779999,103.900002,104.129997,104.129997,636300,63.63
21/06/2018,104.239998,104.690002,100.589996,100.889999,100.889999,659300,65.93
22/06/2018,100,100.580002,96.629997,97.18,97.18,1303500,130.35
25/06/2018,96,96.589996,92.010002,93.669998,93.669998,1369100,136.91
26/06/2018,93.720001,96.949997,93.690002,96.349998,96.349998,926200,92.62
27/06/2018,96.949997,97.830002,93.610001,93.650002,93.650002,463900,46.39
28/06/2018,93.75,97.650002,93.709999,97.339996,97.339996,919900,91.99
29/06/2018,97.730003,98.669998,97.089996,97.75,97.75,459400,45.94
2/07/2018,97.209999,99.919998,96.529999,99.870003,99.870003,477300,47.73
3/07/2018,100.599998,101.519997,99.739998,99.940002,99.940002,279600,27.96
5/07/2018,100.900002,101.18,99.800003,101.07,101.07,475000,47.5
6/07/2018,101.099998,102.860001,101.099998,102.68,102.68,422800,42.28
9/07/2018,103.260002,104.790001,102.089996,103.82,103.82,434100,43.41
10/07/2018,104.199997,104.949997,103.699997,103.889999,103.889999,367600,36.76
11/07/2018,105.290001,106.720001,104.300003,106.290001,106.290001,574700,57.47
12/07/2018,106.32,109.279999,106.32,108.889999,108.889999,773100,77.31
13/07/2018,108.879997,109.389999,107.510002,108.769997,108.769997,487000,48.7
16/07/2018,109.330002,109.330002,108.25,108.57,108.57,363100,36.31
17/07/2018,108.050003,110.610001,107.300003,110.230003,110.230003,507000,50.7
18/07/2018,110.32,111.599998,109.660004,111.129997,111.129997,524900,52.49
19/07/2018,110.949997,111.199997,110.290001,110.459999,110.459999,485100,48.51
20/07/2018,110.559998,111.709999,110.32,110.599998,110.599998,438200,43.82
23/07/2018,110.989998,111.940002,109.5,111.720001,111.720001,444100,44.41
24/07/2018,112.029999,112.419998,107.57,108.32,108.32,560100,56.01
25/07/2018,108.720001,111.269997,108.68,110.790001,110.790001,579400,57.94
26/07/2018,109.839996,111.470001,109.309998,111.019997,111.019997,421000,42.1
27/07/2018,111.379997,111.860001,105.75,107.639999,107.639999,600400,60.04
30/07/2018,107.300003,107.449997,101.639999,102.169998,102.169998,956400,95.64
31/07/2018,102.470001,104.540001,100.800003,103.07,103.07,898600,89.86
1/08/2018,106.410004,106.980003,105.120003,106.139999,106.139999,918300,91.83
2/08/2018,105.599998,110.629997,105.559998,110.160004,110.160004,1431300,143.13
3/08/2018,107.440002,109.169998,99.309998,102.839996,102.839996,3449700,344.97
6/08/2018,102.639999,104.870003,102.639999,103.940002,103.940002,904300,90.43
7/08/2018,102.639999,104.669998,102.639999,103.279999,103.279999,1189900,118.99
8/08/2018,103.239998,103.239998,101.339996,101.449997,101.449997,882400,88.24
9/08/2018,101,104.449997,100.760002,103.669998,103.669998,746100,74.61
10/08/2018,102.75,104.349998,102.5,103.699997,103.699997,478600,47.86
13/08/2018,103.5,104.099998,101.620003,101.949997,101.949997,562800,56.28
14/08/2018,102.440002,103.459999,101.300003,103.190002,103.190002,515400,51.54
15/08/2018,102.510002,104.449997,101.440002,102.620003,102.620003,671200,67.12
16/08/2018,103.32,104.07,101.080002,101.260002,101.260002,715000,71.5
17/08/2018,100.800003,100.800003,98.199997,98.540001,98.540001,1154600,115.46
20/08/2018,98.339996,100.519997,97.18,100.120003,100.120003,897200,89.72
21/08/2018,100,102.620003,99.5,102.510002,102.510002,837800,83.78
22/08/2018,102.629997,103.269997,101.82,102.580002,102.580002,453300,45.33
23/08/2018,102.489998,104.360001,102.410004,103.190002,103.190002,548100,54.81
24/08/2018,103.639999,108.669998,103.489998,107.980003,107.980003,1017400,101.74
27/08/2018,108.339996,108.889999,105.610001,106.480003,106.480003,989100,98.91
28/08/2018,106.650002,108.199997,106.510002,107.75,107.75,746300,74.63
29/08/2018,107.389999,111.589996,107.389999,111.309998,111.309998,1138700,113.87
30/08/2018,110.68,112.269997,110.169998,110.989998,110.989998,574100,57.41
31/08/2018,111.089996,112.18,110.040001,111.860001,111.860001,458100,45.81
4/09/2018,111.43,114.440002,111.18,114.050003,114.050003,748200,74.82
5/09/2018,114.089996,114.82,108.510002,111.669998,111.669998,764700,76.47
6/09/2018,111.669998,113.650002,109.980003,113.040001,113.040001,1078600,107.86
7/09/2018,112.099998,115.470001,109.860001,113.900002,113.900002,933800,93.38
10/09/2018,115.220001,115.540001,111.809998,112.510002,112.510002,1093800,109.38
11/09/2018,112.480003,115.330002,112.400002,115.029999,115.029999,683500,68.35
12/09/2018,114.610001,115.639999,113,115.089996,115.089996,583400,58.34
13/09/2018,116.099998,118.080002,115.400002,116.160004,116.160004,704300,70.43
14/09/2018,116.099998,117.239998,114.919998,115.550003,115.550003,697000,69.7
17/09/2018,115.050003,116.029999,110.5,110.860001,110.860001,815700,81.57
18/09/2018,111.989998,114.449997,111.989998,113.739998,113.739998,717100,71.71
19/09/2018,113.580002,113.879997,109.57,111.160004,111.160004,680900,68.09
20/09/2018,111.199997,113.540001,110.220001,111.730003,111.730003,619700,61.97
21/09/2018,112.059998,112.82,109.809998,110.18,110.18,844700,84.47
24/09/2018,109.489998,111.510002,107.900002,110.959999,110.959999,717700,71.77
25/09/2018,111.239998,114,111.220001,113.660004,113.660004,450600,45.06
26/09/2018,113.699997,115.75,112.18,114.260002,114.260002,600900,60.09
27/09/2018,114.860001,115.449997,113.260002,113.330002,113.330002,559400,55.94
28/09/2018,113.139999,114,111.199997,111.739998,111.739998,830700,83.07
1/10/2018,112.860001,113.589996,111.050003,111.309998,111.309998,807100,80.71
2/10/2018,111.669998,111.669998,106.43,106.989998,106.989998,752200,75.22
3/10/2018,107.620003,108.830002,106.459999,107.529999,107.529999,730500,73.05
4/10/2018,107.410004,107.5,103.959999,105.940002,105.940002,695200,69.52
5/10/2018,105.690002,107.730003,102.739998,105.699997,105.699997,1025500,102.55
8/10/2018,104.440002,104.860001,98.480003,100.669998,100.669998,1307800,130.78
9/10/2018,100.559998,102.970001,99.239998,101.360001,101.360001,765100,76.51
10/10/2018,100.389999,100.93,96.150002,96.389999,96.389999,1606200,160.62
11/10/2018,95.580002,98.720001,94.809998,97.150002,97.150002,1545100,154.51
12/10/2018,100.260002,102.269997,99.07,100.919998,100.919998,793300,79.33
15/10/2018,100.790001,102.769997,98.419998,101.779999,101.779999,1119800,111.98
16/10/2018,102.949997,105.629997,102.639999,104.940002,104.940002,675900,67.59
17/10/2018,105,105.68,103.230003,104.480003,104.480003,451200,45.12
18/10/2018,104.050003,104.980003,100.989998,101.959999,101.959999,541700,54.17
19/10/2018,102.639999,103.440002,99.639999,99.639999,99.639999,599600,59.96
22/10/2018,100.120003,101.5,98.099998,100.739998,100.739998,955900,95.59
23/10/2018,98.529999,101.82,97.669998,101.449997,101.449997,497900,49.79
24/10/2018,101.660004,103,96.739998,96.900002,96.900002,685400,68.54
25/10/2018,97.160004,100.019997,96.900002,99.690002,99.690002,855000,85.5
26/10/2018,96.690002,98.949997,94.839996,96.769997,96.769997,855800,85.58
29/10/2018,99.349998,101.43,95.209999,96.559998,96.559998,1357100,135.71
30/10/2018,96.059998,101.489998,95.540001,101.360001,101.360001,1125500,112.55
31/10/2018,103.379997,107.629997,102.389999,106.68,106.68,904300,90.43
1/11/2018,107.32,109.209999,105.080002,108.889999,108.889999,750400,75.04
2/11/2018,109.760002,110.489998,106.75,106.830002,106.830002,903700,90.37
5/11/2018,107.150002,107.459999,104.220001,106.599998,106.599998,934400,93.44
6/11/2018,105.940002,107.720001,102.849998,105.029999,105.029999,1728800,172.88
7/11/2018,113.660004,124.860001,112.540001,121.160004,121.160004,3729300,372.93
8/11/2018,121.989998,125.5,119.010002,119.660004,119.660004,1899400,189.94
9/11/2018,118.080002,118.080002,111.629997,114.110001,114.110001,3137100,313.71
12/11/2018,113,113,107.919998,110.900002,110.900002,1810000,181
13/11/2018,110.709999,114.129997,109.419998,112.529999,112.529999,965400,96.54
14/11/2018,114.550003,116.339996,111.760002,112.459999,112.459999,554600,55.46
15/11/2018,112.330002,118.419998,112.239998,117.75,117.75,716000,71.6
16/11/2018,116.440002,119.57,114.370003,116.040001,116.040001,852200,85.22
19/11/2018,114.660004,115.489998,103.150002,104.120003,104.120003,1759500,175.95
20/11/2018,100.32,106.949997,99.529999,104.879997,104.879997,1134000,113.4
21/11/2018,107.190002,109.489998,106.279999,107.610001,107.610001,804300,80.43
23/11/2018,106.139999,109.199997,105.93,108.599998,108.599998,217700,21.77
26/11/2018,111.32,113.209999,108.860001,112.529999,112.529999,735000,73.5
27/11/2018,111.620003,113.559998,110.650002,112.459999,112.459999,1013300,101.33
28/11/2018,115.010002,119.099998,115,118.809998,118.809998,991800,99.18
29/11/2018,117.769997,124.279999,117.660004,122.279999,122.279999,1384800,138.48
30/11/2018,122.5,125.5,122.279999,124.639999,124.639999,1194700,119.47
3/12/2018,127.239998,127.699997,124.239998,127.43,127.43,1901800,190.18
4/12/2018,126.269997,129.279999,123.480003,123.690002,123.690002,1517800,151.78
6/12/2018,120.279999,128.199997,119.379997,127.970001,127.970001,1164400,116.44
7/12/2018,127.110001,128.630005,121.82,123.43,123.43,800200,80.02
10/12/2018,122.849998,128.300003,122.849998,127.129997,127.129997,742800,74.28
11/12/2018,129.399994,130.130005,126.290001,127.410004,127.410004,985000,98.5
12/12/2018,129.5,131.820007,128.789993,128.830002,128.830002,843400,84.34
13/12/2018,129.970001,131.240005,128.399994,130.839996,130.839996,718000,71.8
14/12/2018,129.809998,131.050003,127.68,128.880005,128.880005,651500,65.15
17/12/2018,127.529999,127.879997,119.25,120.059998,120.059998,1220700,122.07
18/12/2018,121.389999,123.559998,120.360001,121.589996,121.589996,772100,77.21
19/12/2018,122.300003,126.32,119.75,121.949997,121.949997,1386300,138.63
20/12/2018,120.75,122.800003,113.739998,119.290001,119.290001,1738000,173.8
21/12/2018,119.870003,120.019997,111.32,112.279999,112.279999,1377100,137.71
24/12/2018,110.559998,113.989998,110,110.260002,110.260002,480500,48.05
26/12/2018,110.889999,118.919998,110.889999,118.800003,118.800003,841300,84.13
27/12/2018,116.57,119.910004,115.18,119.900002,119.900002,656000,65.6
28/12/2018,120.529999,121.529999,116.779999,118.260002,118.260002,758100,75.81
31/12/2018,119.699997,120.699997,118.529999,120,120,674800,67.48
2/01/2019,117.849998,118.720001,114.809998,118.599998,118.599998,760600,76.06
3/01/2019,116.540001,118.949997,115.010002,115.720001,115.720001,1016900,101.69
4/01/2019,117.779999,125.32,116.800003,124.830002,124.830002,1499700,149.97
7/01/2019,125.330002,128.169998,123.599998,123.970001,123.970001,1659500,165.95
8/01/2019,125.860001,126.989998,121.900002,123.989998,123.989998,1277800,127.78
9/01/2019,124.709999,125.389999,122.639999,122.910004,122.910004,1448600,144.86
